underlyingValue,timestamp,expiryDate,strikePrice,name,pchangeinOpenInterest,openInterest
81088,02-May-2025 10:19:58,2025-05-06,80100-CE,80100-CE-02-May-2025 10:19:58,-23.27,34760.0
81088,02-May-2025 10:19:58,2025-05-06,80100-PE,80100-PE-02-May-2025 10:19:58,146.22,137440.0
81088,02-May-2025 10:19:58,2025-05-06,80200-CE,80200-CE-02-May-2025 10:19:58,-35.1,49920.0
81088,02-May-2025 10:19:58,2025-05-06,80200-PE,80200-PE-02-May-2025 10:19:58,80.44,193500.0
81088,02-May-2025 10:19:59,2025-05-06,80300-CE,80300-CE-02-May-2025 10:19:59,-40.06,90240.0
81088,02-May-2025 10:19:59,2025-05-06,80300-PE,80300-PE-02-May-2025 10:19:59,86.74,259040.0
81088,02-May-2025 10:19:59,2025-05-06,80400-CE,80400-CE-02-May-2025 10:19:59,-32.11,68460.0
81088,02-May-2025 10:19:59,2025-05-06,80400-PE,80400-PE-02-May-2025 10:19:59,95.76,180880.0
81088,02-May-2025 10:19:59,2025-05-06,80500-CE,80500-CE-02-May-2025 10:19:59,-8.97,210180.0
81088,02-May-2025 10:19:59,2025-05-06,80500-PE,80500-PE-02-May-2025 10:19:59,213.43,458360.0
81088,02-May-2025 10:19:59,2025-05-06,80600-CE,80600-CE-02-May-2025 10:19:59,2.14,74320.0
81088,02-May-2025 10:19:59,2025-05-06,80600-PE,80600-PE-02-May-2025 10:19:59,1396.11,261520.0
81088,02-May-2025 10:19:59,2025-05-06,80700-CE,80700-CE-02-May-2025 10:19:59,190.4,112500.0
81088,02-May-2025 10:19:59,2025-05-06,80700-PE,80700-PE-02-May-2025 10:19:59,2520.87,339140.0
81088,02-May-2025 10:19:59,2025-05-06,80800-CE,80800-CE-02-May-2025 10:19:59,73.53,85760.0
81088,02-May-2025 10:19:59,2025-05-06,80800-PE,80800-PE-02-May-2025 10:19:59,1790.74,245040.0
81088,02-May-2025 10:19:59,2025-05-06,80900-CE,80900-CE-02-May-2025 10:19:59,240.16,103680.0
81088,02-May-2025 10:19:59,2025-05-06,80900-PE,80900-PE-02-May-2025 10:19:59,2393.23,191480.0
81088,02-May-2025 10:19:59,2025-05-06,81000-CE,81000-CE-02-May-2025 10:19:59,99.03,412620.0
81088,02-May-2025 10:19:59,2025-05-06,81000-PE,81000-PE-02-May-2025 10:19:59,1669.29,562280.0
81088,02-May-2025 10:19:59,2025-05-06,81100-CE,81100-CE-02-May-2025 10:19:59,285.04,182740.0
81088,02-May-2025 10:19:59,2025-05-06,81100-PE,81100-PE-02-May-2025 10:19:59,4810.76,219020.0
81088,02-May-2025 10:19:59,2025-05-06,81200-CE,81200-CE-02-May-2025 10:19:59,356.31,253160.0
81088,02-May-2025 10:19:59,2025-05-06,81200-PE,81200-PE-02-May-2025 10:19:59,3233.78,148020.0
81088,02-May-2025 10:19:59,2025-05-06,81300-CE,81300-CE-02-May-2025 10:19:59,210.31,186680.0
81088,02-May-2025 10:19:59,2025-05-06,81300-PE,81300-PE-02-May-2025 10:19:59,1356.64,41660.0
81088,02-May-2025 10:19:59,2025-05-06,81400-CE,81400-CE-02-May-2025 10:19:59,122.34,146300.0
81088,02-May-2025 10:19:59,2025-05-06,81400-PE,81400-PE-02-May-2025 10:19:59,1087.13,23980.0
81088,02-May-2025 10:19:59,2025-05-06,81500-CE,81500-CE-02-May-2025 10:19:59,53.79,366080.0
81088,02-May-2025 10:19:59,2025-05-06,81500-PE,81500-PE-02-May-2025 10:19:59,1088.32,79380.0
81088,02-May-2025 10:19:59,2025-05-06,81600-CE,81600-CE-02-May-2025 10:19:59,220.04,144720.0
81088,02-May-2025 10:19:59,2025-05-06,81600-PE,81600-PE-02-May-2025 10:19:59,1900.0,8400.0
81088,02-May-2025 10:19:59,2025-05-06,81700-CE,81700-CE-02-May-2025 10:19:59,97.13,129160.0
81088,02-May-2025 10:19:59,2025-05-06,81700-PE,81700-PE-02-May-2025 10:19:59,3400.0,7000.0
81088,02-May-2025 10:19:59,2025-05-06,81800-CE,81800-CE-02-May-2025 10:19:59,126.18,132720.0
81088,02-May-2025 10:19:59,2025-05-06,81800-PE,81800-PE-02-May-2025 10:19:59,1450.0,4960.0
81088,02-May-2025 10:19:59,2025-05-06,81900-CE,81900-CE-02-May-2025 10:19:59,78.48,105660.0
81088,02-May-2025 10:19:59,2025-05-06,81900-PE,81900-PE-02-May-2025 10:19:59,595.0,2780.0
81088,02-May-2025 10:19:59,2025-05-06,82000-CE,82000-CE-02-May-2025 10:19:59,74.88,645220.0
81088,02-May-2025 10:19:59,2025-05-06,82000-PE,82000-PE-02-May-2025 10:19:59,275.41,32060.0
81090,02-May-2025 10:19:59,2025-05-06,80100-CE,80100-CE-02-May-2025 10:19:59,-23.27,34760.0
81090,02-May-2025 10:19:59,2025-05-06,80100-PE,80100-PE-02-May-2025 10:19:59,146.22,137440.0
81090,02-May-2025 10:19:59,2025-05-06,80200-CE,80200-CE-02-May-2025 10:19:59,-35.1,49920.0
81090,02-May-2025 10:19:59,2025-05-06,80200-PE,80200-PE-02-May-2025 10:19:59,80.44,193500.0
81090,02-May-2025 10:19:59,2025-05-06,80300-CE,80300-CE-02-May-2025 10:19:59,-40.06,90240.0
81090,02-May-2025 10:19:59,2025-05-06,80300-PE,80300-PE-02-May-2025 10:19:59,86.74,259040.0
81090,02-May-2025 10:20:00,2025-05-06,80400-CE,80400-CE-02-May-2025 10:20:00,-32.11,68460.0
81090,02-May-2025 10:20:00,2025-05-06,80400-PE,80400-PE-02-May-2025 10:20:00,95.76,180880.0
81090,02-May-2025 10:20:00,2025-05-06,80500-CE,80500-CE-02-May-2025 10:20:00,-8.97,210180.0
81090,02-May-2025 10:20:00,2025-05-06,80500-PE,80500-PE-02-May-2025 10:20:00,213.43,458360.0
81090,02-May-2025 10:20:00,2025-05-06,80600-CE,80600-CE-02-May-2025 10:20:00,2.14,74320.0
81090,02-May-2025 10:20:00,2025-05-06,80600-PE,80600-PE-02-May-2025 10:20:00,1396.11,261520.0
81090,02-May-2025 10:20:00,2025-05-06,80700-CE,80700-CE-02-May-2025 10:20:00,190.4,112500.0
81090,02-May-2025 10:20:00,2025-05-06,80700-PE,80700-PE-02-May-2025 10:20:00,2520.87,339140.0
81090,02-May-2025 10:20:00,2025-05-06,80800-CE,80800-CE-02-May-2025 10:20:00,73.53,85760.0
81090,02-May-2025 10:20:00,2025-05-06,80800-PE,80800-PE-02-May-2025 10:20:00,1790.74,245040.0
81090,02-May-2025 10:20:00,2025-05-06,80900-CE,80900-CE-02-May-2025 10:20:00,240.16,103680.0
81090,02-May-2025 10:20:00,2025-05-06,80900-PE,80900-PE-02-May-2025 10:20:00,2393.23,191480.0
81090,02-May-2025 10:20:00,2025-05-06,81000-CE,81000-CE-02-May-2025 10:20:00,99.03,412620.0
81090,02-May-2025 10:20:00,2025-05-06,81000-PE,81000-PE-02-May-2025 10:20:00,1669.29,562280.0
81090,02-May-2025 10:20:00,2025-05-06,81100-CE,81100-CE-02-May-2025 10:20:00,285.04,182740.0
81090,02-May-2025 10:20:00,2025-05-06,81100-PE,81100-PE-02-May-2025 10:20:00,4810.76,219020.0
81090,02-May-2025 10:20:00,2025-05-06,81200-CE,81200-CE-02-May-2025 10:20:00,356.31,253160.0
81090,02-May-2025 10:20:00,2025-05-06,81200-PE,81200-PE-02-May-2025 10:20:00,3233.78,148020.0
81090,02-May-2025 10:20:00,2025-05-06,81300-CE,81300-CE-02-May-2025 10:20:00,210.31,186680.0
81090,02-May-2025 10:20:00,2025-05-06,81300-PE,81300-PE-02-May-2025 10:20:00,1356.64,41660.0
81090,02-May-2025 10:20:00,2025-05-06,81400-CE,81400-CE-02-May-2025 10:20:00,122.34,146300.0
81090,02-May-2025 10:20:00,2025-05-06,81400-PE,81400-PE-02-May-2025 10:20:00,1087.13,23980.0
81090,02-May-2025 10:20:00,2025-05-06,81500-CE,81500-CE-02-May-2025 10:20:00,53.79,366080.0
81090,02-May-2025 10:20:00,2025-05-06,81500-PE,81500-PE-02-May-2025 10:20:00,1088.32,79380.0
81090,02-May-2025 10:20:00,2025-05-06,81600-CE,81600-CE-02-May-2025 10:20:00,220.04,144720.0
81090,02-May-2025 10:20:00,2025-05-06,81600-PE,81600-PE-02-May-2025 10:20:00,1900.0,8400.0
81090,02-May-2025 10:20:00,2025-05-06,81700-CE,81700-CE-02-May-2025 10:20:00,97.13,129160.0
81090,02-May-2025 10:20:00,2025-05-06,81700-PE,81700-PE-02-May-2025 10:20:00,3400.0,7000.0
81090,02-May-2025 10:20:00,2025-05-06,81800-CE,81800-CE-02-May-2025 10:20:00,126.18,132720.0
81090,02-May-2025 10:20:00,2025-05-06,81800-PE,81800-PE-02-May-2025 10:20:00,1450.0,4960.0
81090,02-May-2025 10:20:00,2025-05-06,81900-CE,81900-CE-02-May-2025 10:20:00,78.48,105660.0
81090,02-May-2025 10:20:00,2025-05-06,81900-PE,81900-PE-02-May-2025 10:20:00,595.0,2780.0
81090,02-May-2025 10:20:00,2025-05-06,82000-CE,82000-CE-02-May-2025 10:20:00,74.88,645220.0
81090,02-May-2025 10:20:00,2025-05-06,82000-PE,82000-PE-02-May-2025 10:20:00,275.41,32060.0
81083,02-May-2025 10:20:04,2025-05-06,80100-CE,80100-CE-02-May-2025 10:20:04,-23.27,34760.0
81083,02-May-2025 10:20:04,2025-05-06,80100-PE,80100-PE-02-May-2025 10:20:04,146.22,137440.0
81083,02-May-2025 10:20:04,2025-05-06,80200-CE,80200-CE-02-May-2025 10:20:04,-35.1,49920.0
81083,02-May-2025 10:20:04,2025-05-06,80200-PE,80200-PE-02-May-2025 10:20:04,80.44,193500.0
81083,02-May-2025 10:20:04,2025-05-06,80300-CE,80300-CE-02-May-2025 10:20:04,-40.06,90240.0
81083,02-May-2025 10:20:04,2025-05-06,80300-PE,80300-PE-02-May-2025 10:20:04,86.74,259040.0
81083,02-May-2025 10:20:04,2025-05-06,80400-CE,80400-CE-02-May-2025 10:20:04,-32.11,68460.0
81083,02-May-2025 10:20:04,2025-05-06,80400-PE,80400-PE-02-May-2025 10:20:04,95.76,180880.0
81083,02-May-2025 10:20:04,2025-05-06,80500-CE,80500-CE-02-May-2025 10:20:04,-8.97,210180.0
81083,02-May-2025 10:20:04,2025-05-06,80500-PE,80500-PE-02-May-2025 10:20:04,213.43,458360.0
81083,02-May-2025 10:20:04,2025-05-06,80600-CE,80600-CE-02-May-2025 10:20:04,2.14,74320.0
81083,02-May-2025 10:20:04,2025-05-06,80600-PE,80600-PE-02-May-2025 10:20:04,1396.11,261520.0
81083,02-May-2025 10:20:04,2025-05-06,80700-CE,80700-CE-02-May-2025 10:20:04,190.4,112500.0
81083,02-May-2025 10:20:04,2025-05-06,80700-PE,80700-PE-02-May-2025 10:20:04,2520.87,339140.0
81083,02-May-2025 10:20:04,2025-05-06,80800-CE,80800-CE-02-May-2025 10:20:04,73.53,85760.0
81083,02-May-2025 10:20:04,2025-05-06,80800-PE,80800-PE-02-May-2025 10:20:04,1790.74,245040.0
81083,02-May-2025 10:20:04,2025-05-06,80900-CE,80900-CE-02-May-2025 10:20:04,240.16,103680.0
81083,02-May-2025 10:20:04,2025-05-06,80900-PE,80900-PE-02-May-2025 10:20:04,2393.23,191480.0
81083,02-May-2025 10:20:04,2025-05-06,81000-CE,81000-CE-02-May-2025 10:20:04,99.03,412620.0
81083,02-May-2025 10:20:04,2025-05-06,81000-PE,81000-PE-02-May-2025 10:20:04,1669.29,562280.0
81083,02-May-2025 10:20:04,2025-05-06,81100-CE,81100-CE-02-May-2025 10:20:04,285.04,182740.0
81083,02-May-2025 10:20:04,2025-05-06,81100-PE,81100-PE-02-May-2025 10:20:04,4810.76,219020.0
81083,02-May-2025 10:20:04,2025-05-06,81200-CE,81200-CE-02-May-2025 10:20:04,356.31,253160.0
81083,02-May-2025 10:20:04,2025-05-06,81200-PE,81200-PE-02-May-2025 10:20:04,3233.78,148020.0
81083,02-May-2025 10:20:05,2025-05-06,81300-CE,81300-CE-02-May-2025 10:20:05,210.31,186680.0
81083,02-May-2025 10:20:05,2025-05-06,81300-PE,81300-PE-02-May-2025 10:20:05,1356.64,41660.0
81083,02-May-2025 10:20:05,2025-05-06,81400-CE,81400-CE-02-May-2025 10:20:05,122.34,146300.0
81083,02-May-2025 10:20:05,2025-05-06,81400-PE,81400-PE-02-May-2025 10:20:05,1087.13,23980.0
81083,02-May-2025 10:20:05,2025-05-06,81500-CE,81500-CE-02-May-2025 10:20:05,53.79,366080.0
81083,02-May-2025 10:20:05,2025-05-06,81500-PE,81500-PE-02-May-2025 10:20:05,1088.32,79380.0
81083,02-May-2025 10:20:05,2025-05-06,81600-CE,81600-CE-02-May-2025 10:20:05,220.04,144720.0
81083,02-May-2025 10:20:05,2025-05-06,81600-PE,81600-PE-02-May-2025 10:20:05,1900.0,8400.0
81083,02-May-2025 10:20:05,2025-05-06,81700-CE,81700-CE-02-May-2025 10:20:05,97.13,129160.0
81083,02-May-2025 10:20:05,2025-05-06,81700-PE,81700-PE-02-May-2025 10:20:05,3400.0,7000.0
81083,02-May-2025 10:20:05,2025-05-06,81800-CE,81800-CE-02-May-2025 10:20:05,126.18,132720.0
81083,02-May-2025 10:20:05,2025-05-06,81800-PE,81800-PE-02-May-2025 10:20:05,1450.0,4960.0
81083,02-May-2025 10:20:05,2025-05-06,81900-CE,81900-CE-02-May-2025 10:20:05,78.48,105660.0
81083,02-May-2025 10:20:05,2025-05-06,81900-PE,81900-PE-02-May-2025 10:20:05,595.0,2780.0
81083,02-May-2025 10:20:05,2025-05-06,82000-CE,82000-CE-02-May-2025 10:20:05,74.88,645220.0
81083,02-May-2025 10:20:05,2025-05-06,82000-PE,82000-PE-02-May-2025 10:20:05,275.41,32060.0
81083,02-May-2025 10:20:09,2025-05-06,80100-CE,80100-CE-02-May-2025 10:20:09,-23.27,34760.0
81083,02-May-2025 10:20:09,2025-05-06,80100-PE,80100-PE-02-May-2025 10:20:09,146.22,137440.0
81083,02-May-2025 10:20:09,2025-05-06,80200-CE,80200-CE-02-May-2025 10:20:09,-35.1,49920.0
81083,02-May-2025 10:20:09,2025-05-06,80200-PE,80200-PE-02-May-2025 10:20:09,80.44,193500.0
81083,02-May-2025 10:20:09,2025-05-06,80300-CE,80300-CE-02-May-2025 10:20:09,-40.06,90240.0
81083,02-May-2025 10:20:09,2025-05-06,80300-PE,80300-PE-02-May-2025 10:20:09,86.74,259040.0
81083,02-May-2025 10:20:09,2025-05-06,80400-CE,80400-CE-02-May-2025 10:20:09,-32.11,68460.0
81083,02-May-2025 10:20:09,2025-05-06,80400-PE,80400-PE-02-May-2025 10:20:09,95.76,180880.0
81083,02-May-2025 10:20:09,2025-05-06,80500-CE,80500-CE-02-May-2025 10:20:09,-8.97,210180.0
81083,02-May-2025 10:20:09,2025-05-06,80500-PE,80500-PE-02-May-2025 10:20:09,213.43,458360.0
81083,02-May-2025 10:20:09,2025-05-06,80600-CE,80600-CE-02-May-2025 10:20:09,2.14,74320.0
81083,02-May-2025 10:20:09,2025-05-06,80600-PE,80600-PE-02-May-2025 10:20:09,1396.11,261520.0
81083,02-May-2025 10:20:09,2025-05-06,80700-CE,80700-CE-02-May-2025 10:20:09,190.4,112500.0
81083,02-May-2025 10:20:09,2025-05-06,80700-PE,80700-PE-02-May-2025 10:20:09,2520.87,339140.0
81083,02-May-2025 10:20:09,2025-05-06,80800-CE,80800-CE-02-May-2025 10:20:09,73.53,85760.0
81083,02-May-2025 10:20:09,2025-05-06,80800-PE,80800-PE-02-May-2025 10:20:09,1790.74,245040.0
81083,02-May-2025 10:20:09,2025-05-06,80900-CE,80900-CE-02-May-2025 10:20:09,240.16,103680.0
81083,02-May-2025 10:20:09,2025-05-06,80900-PE,80900-PE-02-May-2025 10:20:09,2393.23,191480.0
81083,02-May-2025 10:20:09,2025-05-06,81000-CE,81000-CE-02-May-2025 10:20:09,99.03,412620.0
81083,02-May-2025 10:20:09,2025-05-06,81000-PE,81000-PE-02-May-2025 10:20:09,1669.29,562280.0
81083,02-May-2025 10:20:09,2025-05-06,81100-CE,81100-CE-02-May-2025 10:20:09,285.04,182740.0
81083,02-May-2025 10:20:09,2025-05-06,81100-PE,81100-PE-02-May-2025 10:20:09,4810.76,219020.0
81083,02-May-2025 10:20:09,2025-05-06,81200-CE,81200-CE-02-May-2025 10:20:09,356.31,253160.0
81083,02-May-2025 10:20:09,2025-05-06,81200-PE,81200-PE-02-May-2025 10:20:09,3233.78,148020.0
81083,02-May-2025 10:20:09,2025-05-06,81300-CE,81300-CE-02-May-2025 10:20:09,210.31,186680.0
81083,02-May-2025 10:20:09,2025-05-06,81300-PE,81300-PE-02-May-2025 10:20:09,1356.64,41660.0
81083,02-May-2025 10:20:09,2025-05-06,81400-CE,81400-CE-02-May-2025 10:20:09,122.34,146300.0
81083,02-May-2025 10:20:09,2025-05-06,81400-PE,81400-PE-02-May-2025 10:20:09,1087.13,23980.0
81083,02-May-2025 10:20:09,2025-05-06,81500-CE,81500-CE-02-May-2025 10:20:09,53.79,366080.0
81083,02-May-2025 10:20:09,2025-05-06,81500-PE,81500-PE-02-May-2025 10:20:09,1088.32,79380.0
81083,02-May-2025 10:20:09,2025-05-06,81600-CE,81600-CE-02-May-2025 10:20:09,220.04,144720.0
81083,02-May-2025 10:20:09,2025-05-06,81600-PE,81600-PE-02-May-2025 10:20:09,1900.0,8400.0
81083,02-May-2025 10:20:09,2025-05-06,81700-CE,81700-CE-02-May-2025 10:20:09,97.13,129160.0
81083,02-May-2025 10:20:09,2025-05-06,81700-PE,81700-PE-02-May-2025 10:20:09,3400.0,7000.0
81083,02-May-2025 10:20:09,2025-05-06,81800-CE,81800-CE-02-May-2025 10:20:09,126.18,132720.0
81083,02-May-2025 10:20:09,2025-05-06,81800-PE,81800-PE-02-May-2025 10:20:09,1450.0,4960.0
81083,02-May-2025 10:20:09,2025-05-06,81900-CE,81900-CE-02-May-2025 10:20:09,78.48,105660.0
81083,02-May-2025 10:20:09,2025-05-06,81900-PE,81900-PE-02-May-2025 10:20:09,595.0,2780.0
81083,02-May-2025 10:20:09,2025-05-06,82000-CE,82000-CE-02-May-2025 10:20:09,74.88,645220.0
81083,02-May-2025 10:20:09,2025-05-06,82000-PE,82000-PE-02-May-2025 10:20:09,275.41,32060.0
81092,02-May-2025 10:20:14,2025-05-06,80100-CE,80100-CE-02-May-2025 10:20:14,-23.27,34760.0
81092,02-May-2025 10:20:14,2025-05-06,80100-PE,80100-PE-02-May-2025 10:20:14,146.22,137440.0
81092,02-May-2025 10:20:14,2025-05-06,80200-CE,80200-CE-02-May-2025 10:20:14,-35.1,49920.0
81092,02-May-2025 10:20:14,2025-05-06,80200-PE,80200-PE-02-May-2025 10:20:14,80.44,193500.0
81092,02-May-2025 10:20:14,2025-05-06,80300-CE,80300-CE-02-May-2025 10:20:14,-40.06,90240.0
81092,02-May-2025 10:20:14,2025-05-06,80300-PE,80300-PE-02-May-2025 10:20:14,86.74,259040.0
81092,02-May-2025 10:20:14,2025-05-06,80400-CE,80400-CE-02-May-2025 10:20:14,-32.11,68460.0
81092,02-May-2025 10:20:14,2025-05-06,80400-PE,80400-PE-02-May-2025 10:20:14,95.76,180880.0
81092,02-May-2025 10:20:14,2025-05-06,80500-CE,80500-CE-02-May-2025 10:20:14,-8.97,210180.0
81092,02-May-2025 10:20:14,2025-05-06,80500-PE,80500-PE-02-May-2025 10:20:14,213.43,458360.0
81092,02-May-2025 10:20:15,2025-05-06,80600-CE,80600-CE-02-May-2025 10:20:15,2.14,74320.0
81092,02-May-2025 10:20:15,2025-05-06,80600-PE,80600-PE-02-May-2025 10:20:15,1396.11,261520.0
81092,02-May-2025 10:20:15,2025-05-06,80700-CE,80700-CE-02-May-2025 10:20:15,190.4,112500.0
81092,02-May-2025 10:20:15,2025-05-06,80700-PE,80700-PE-02-May-2025 10:20:15,2520.87,339140.0
81092,02-May-2025 10:20:15,2025-05-06,80800-CE,80800-CE-02-May-2025 10:20:15,73.53,85760.0
81092,02-May-2025 10:20:15,2025-05-06,80800-PE,80800-PE-02-May-2025 10:20:15,1790.74,245040.0
81092,02-May-2025 10:20:15,2025-05-06,80900-CE,80900-CE-02-May-2025 10:20:15,240.16,103680.0
81092,02-May-2025 10:20:15,2025-05-06,80900-PE,80900-PE-02-May-2025 10:20:15,2393.23,191480.0
81092,02-May-2025 10:20:15,2025-05-06,81000-CE,81000-CE-02-May-2025 10:20:15,99.03,412620.0
81092,02-May-2025 10:20:15,2025-05-06,81000-PE,81000-PE-02-May-2025 10:20:15,1669.29,562280.0
81092,02-May-2025 10:20:15,2025-05-06,81100-CE,81100-CE-02-May-2025 10:20:15,285.04,182740.0
81092,02-May-2025 10:20:15,2025-05-06,81100-PE,81100-PE-02-May-2025 10:20:15,4810.76,219020.0
81092,02-May-2025 10:20:15,2025-05-06,81200-CE,81200-CE-02-May-2025 10:20:15,356.31,253160.0
81092,02-May-2025 10:20:15,2025-05-06,81200-PE,81200-PE-02-May-2025 10:20:15,3233.78,148020.0
81092,02-May-2025 10:20:15,2025-05-06,81300-CE,81300-CE-02-May-2025 10:20:15,210.31,186680.0
81092,02-May-2025 10:20:15,2025-05-06,81300-PE,81300-PE-02-May-2025 10:20:15,1356.64,41660.0
81092,02-May-2025 10:20:15,2025-05-06,81400-CE,81400-CE-02-May-2025 10:20:15,122.34,146300.0
81092,02-May-2025 10:20:15,2025-05-06,81400-PE,81400-PE-02-May-2025 10:20:15,1087.13,23980.0
81092,02-May-2025 10:20:15,2025-05-06,81500-CE,81500-CE-02-May-2025 10:20:15,53.79,366080.0
81092,02-May-2025 10:20:15,2025-05-06,81500-PE,81500-PE-02-May-2025 10:20:15,1088.32,79380.0
81092,02-May-2025 10:20:15,2025-05-06,81600-CE,81600-CE-02-May-2025 10:20:15,220.04,144720.0
81092,02-May-2025 10:20:15,2025-05-06,81600-PE,81600-PE-02-May-2025 10:20:15,1900.0,8400.0
81092,02-May-2025 10:20:15,2025-05-06,81700-CE,81700-CE-02-May-2025 10:20:15,97.13,129160.0
81092,02-May-2025 10:20:15,2025-05-06,81700-PE,81700-PE-02-May-2025 10:20:15,3400.0,7000.0
81092,02-May-2025 10:20:15,2025-05-06,81800-CE,81800-CE-02-May-2025 10:20:15,126.18,132720.0
81092,02-May-2025 10:20:15,2025-05-06,81800-PE,81800-PE-02-May-2025 10:20:15,1450.0,4960.0
81092,02-May-2025 10:20:15,2025-05-06,81900-CE,81900-CE-02-May-2025 10:20:15,78.48,105660.0
81092,02-May-2025 10:20:15,2025-05-06,81900-PE,81900-PE-02-May-2025 10:20:15,595.0,2780.0
81092,02-May-2025 10:20:15,2025-05-06,82000-CE,82000-CE-02-May-2025 10:20:15,74.88,645220.0
81092,02-May-2025 10:20:15,2025-05-06,82000-PE,82000-PE-02-May-2025 10:20:15,275.41,32060.0
81105,02-May-2025 10:20:18,2025-05-06,80100-CE,80100-CE-02-May-2025 10:20:18,-23.27,34760.0
81105,02-May-2025 10:20:18,2025-05-06,80100-PE,80100-PE-02-May-2025 10:20:18,146.22,137440.0
81105,02-May-2025 10:20:18,2025-05-06,80200-CE,80200-CE-02-May-2025 10:20:18,-35.1,49920.0
81105,02-May-2025 10:20:18,2025-05-06,80200-PE,80200-PE-02-May-2025 10:20:18,80.44,193500.0
81105,02-May-2025 10:20:18,2025-05-06,80300-CE,80300-CE-02-May-2025 10:20:18,-40.06,90240.0
81105,02-May-2025 10:20:18,2025-05-06,80300-PE,80300-PE-02-May-2025 10:20:18,86.74,259040.0
81105,02-May-2025 10:20:18,2025-05-06,80400-CE,80400-CE-02-May-2025 10:20:18,-32.11,68460.0
81105,02-May-2025 10:20:18,2025-05-06,80400-PE,80400-PE-02-May-2025 10:20:18,95.76,180880.0
81105,02-May-2025 10:20:19,2025-05-06,80500-CE,80500-CE-02-May-2025 10:20:19,-8.97,210180.0
81105,02-May-2025 10:20:19,2025-05-06,80500-PE,80500-PE-02-May-2025 10:20:19,213.43,458360.0
81105,02-May-2025 10:20:19,2025-05-06,80600-CE,80600-CE-02-May-2025 10:20:19,2.14,74320.0
81105,02-May-2025 10:20:19,2025-05-06,80600-PE,80600-PE-02-May-2025 10:20:19,1396.11,261520.0
81105,02-May-2025 10:20:19,2025-05-06,80700-CE,80700-CE-02-May-2025 10:20:19,190.4,112500.0
81105,02-May-2025 10:20:19,2025-05-06,80700-PE,80700-PE-02-May-2025 10:20:19,2520.87,339140.0
81105,02-May-2025 10:20:19,2025-05-06,80800-CE,80800-CE-02-May-2025 10:20:19,73.53,85760.0
81105,02-May-2025 10:20:19,2025-05-06,80800-PE,80800-PE-02-May-2025 10:20:19,1790.74,245040.0
81105,02-May-2025 10:20:19,2025-05-06,80900-CE,80900-CE-02-May-2025 10:20:19,240.16,103680.0
81105,02-May-2025 10:20:19,2025-05-06,80900-PE,80900-PE-02-May-2025 10:20:19,2393.23,191480.0
81105,02-May-2025 10:20:19,2025-05-06,81000-CE,81000-CE-02-May-2025 10:20:19,99.03,412620.0
81105,02-May-2025 10:20:19,2025-05-06,81000-PE,81000-PE-02-May-2025 10:20:19,1669.29,562280.0
81105,02-May-2025 10:20:19,2025-05-06,81100-CE,81100-CE-02-May-2025 10:20:19,285.04,182740.0
81105,02-May-2025 10:20:19,2025-05-06,81100-PE,81100-PE-02-May-2025 10:20:19,4810.76,219020.0
81105,02-May-2025 10:20:19,2025-05-06,81200-CE,81200-CE-02-May-2025 10:20:19,356.31,253160.0
81105,02-May-2025 10:20:19,2025-05-06,81200-PE,81200-PE-02-May-2025 10:20:19,3233.78,148020.0
81105,02-May-2025 10:20:19,2025-05-06,81300-CE,81300-CE-02-May-2025 10:20:19,210.31,186680.0
81105,02-May-2025 10:20:19,2025-05-06,81300-PE,81300-PE-02-May-2025 10:20:19,1356.64,41660.0
81105,02-May-2025 10:20:19,2025-05-06,81400-CE,81400-CE-02-May-2025 10:20:19,122.34,146300.0
81105,02-May-2025 10:20:19,2025-05-06,81400-PE,81400-PE-02-May-2025 10:20:19,1087.13,23980.0
81105,02-May-2025 10:20:19,2025-05-06,81500-CE,81500-CE-02-May-2025 10:20:19,53.79,366080.0
81105,02-May-2025 10:20:19,2025-05-06,81500-PE,81500-PE-02-May-2025 10:20:19,1088.32,79380.0
81105,02-May-2025 10:20:19,2025-05-06,81600-CE,81600-CE-02-May-2025 10:20:19,220.04,144720.0
81105,02-May-2025 10:20:19,2025-05-06,81600-PE,81600-PE-02-May-2025 10:20:19,1900.0,8400.0
81105,02-May-2025 10:20:19,2025-05-06,81700-CE,81700-CE-02-May-2025 10:20:19,97.13,129160.0
81105,02-May-2025 10:20:19,2025-05-06,81700-PE,81700-PE-02-May-2025 10:20:19,3400.0,7000.0
81105,02-May-2025 10:20:19,2025-05-06,81800-CE,81800-CE-02-May-2025 10:20:19,126.18,132720.0
81105,02-May-2025 10:20:19,2025-05-06,81800-PE,81800-PE-02-May-2025 10:20:19,1450.0,4960.0
81105,02-May-2025 10:20:19,2025-05-06,81900-CE,81900-CE-02-May-2025 10:20:19,78.48,105660.0
81105,02-May-2025 10:20:19,2025-05-06,81900-PE,81900-PE-02-May-2025 10:20:19,595.0,2780.0
81105,02-May-2025 10:20:19,2025-05-06,82000-CE,82000-CE-02-May-2025 10:20:19,74.88,645220.0
81105,02-May-2025 10:20:19,2025-05-06,82000-PE,82000-PE-02-May-2025 10:20:19,275.41,32060.0
81102,02-May-2025 10:20:24,2025-05-06,80100-CE,80100-CE-02-May-2025 10:20:24,-23.27,34760.0
81102,02-May-2025 10:20:24,2025-05-06,80100-PE,80100-PE-02-May-2025 10:20:24,146.22,137440.0
81102,02-May-2025 10:20:24,2025-05-06,80200-CE,80200-CE-02-May-2025 10:20:24,-35.1,49920.0
81102,02-May-2025 10:20:24,2025-05-06,80200-PE,80200-PE-02-May-2025 10:20:24,80.44,193500.0
81102,02-May-2025 10:20:24,2025-05-06,80300-CE,80300-CE-02-May-2025 10:20:24,-40.06,90240.0
81102,02-May-2025 10:20:24,2025-05-06,80300-PE,80300-PE-02-May-2025 10:20:24,86.74,259040.0
81102,02-May-2025 10:20:24,2025-05-06,80400-CE,80400-CE-02-May-2025 10:20:24,-32.11,68460.0
81102,02-May-2025 10:20:24,2025-05-06,80400-PE,80400-PE-02-May-2025 10:20:24,95.76,180880.0
81102,02-May-2025 10:20:24,2025-05-06,80500-CE,80500-CE-02-May-2025 10:20:24,-8.97,210180.0
81102,02-May-2025 10:20:24,2025-05-06,80500-PE,80500-PE-02-May-2025 10:20:24,213.43,458360.0
81102,02-May-2025 10:20:24,2025-05-06,80600-CE,80600-CE-02-May-2025 10:20:24,2.14,74320.0
81102,02-May-2025 10:20:24,2025-05-06,80600-PE,80600-PE-02-May-2025 10:20:24,1396.11,261520.0
81102,02-May-2025 10:20:24,2025-05-06,80700-CE,80700-CE-02-May-2025 10:20:24,190.4,112500.0
81102,02-May-2025 10:20:24,2025-05-06,80700-PE,80700-PE-02-May-2025 10:20:24,2520.87,339140.0
81102,02-May-2025 10:20:24,2025-05-06,80800-CE,80800-CE-02-May-2025 10:20:24,73.53,85760.0
81102,02-May-2025 10:20:24,2025-05-06,80800-PE,80800-PE-02-May-2025 10:20:24,1790.74,245040.0
81102,02-May-2025 10:20:24,2025-05-06,80900-CE,80900-CE-02-May-2025 10:20:24,240.16,103680.0
81102,02-May-2025 10:20:24,2025-05-06,80900-PE,80900-PE-02-May-2025 10:20:24,2393.23,191480.0
81102,02-May-2025 10:20:24,2025-05-06,81000-CE,81000-CE-02-May-2025 10:20:24,99.03,412620.0
81102,02-May-2025 10:20:24,2025-05-06,81000-PE,81000-PE-02-May-2025 10:20:24,1669.29,562280.0
81102,02-May-2025 10:20:25,2025-05-06,81100-CE,81100-CE-02-May-2025 10:20:25,285.04,182740.0
81102,02-May-2025 10:20:25,2025-05-06,81100-PE,81100-PE-02-May-2025 10:20:25,4810.76,219020.0
81102,02-May-2025 10:20:25,2025-05-06,81200-CE,81200-CE-02-May-2025 10:20:25,356.31,253160.0
81102,02-May-2025 10:20:25,2025-05-06,81200-PE,81200-PE-02-May-2025 10:20:25,3233.78,148020.0
81102,02-May-2025 10:20:25,2025-05-06,81300-CE,81300-CE-02-May-2025 10:20:25,210.31,186680.0
81102,02-May-2025 10:20:25,2025-05-06,81300-PE,81300-PE-02-May-2025 10:20:25,1356.64,41660.0
81102,02-May-2025 10:20:25,2025-05-06,81400-CE,81400-CE-02-May-2025 10:20:25,122.34,146300.0
81102,02-May-2025 10:20:25,2025-05-06,81400-PE,81400-PE-02-May-2025 10:20:25,1087.13,23980.0
81102,02-May-2025 10:20:25,2025-05-06,81500-CE,81500-CE-02-May-2025 10:20:25,53.79,366080.0
81102,02-May-2025 10:20:25,2025-05-06,81500-PE,81500-PE-02-May-2025 10:20:25,1088.32,79380.0
81102,02-May-2025 10:20:25,2025-05-06,81600-CE,81600-CE-02-May-2025 10:20:25,220.04,144720.0
81102,02-May-2025 10:20:25,2025-05-06,81600-PE,81600-PE-02-May-2025 10:20:25,1900.0,8400.0
81102,02-May-2025 10:20:25,2025-05-06,81700-CE,81700-CE-02-May-2025 10:20:25,97.13,129160.0
81102,02-May-2025 10:20:25,2025-05-06,81700-PE,81700-PE-02-May-2025 10:20:25,3400.0,7000.0
81102,02-May-2025 10:20:25,2025-05-06,81800-CE,81800-CE-02-May-2025 10:20:25,126.18,132720.0
81102,02-May-2025 10:20:25,2025-05-06,81800-PE,81800-PE-02-May-2025 10:20:25,1450.0,4960.0
81102,02-May-2025 10:20:25,2025-05-06,81900-CE,81900-CE-02-May-2025 10:20:25,78.48,105660.0
81102,02-May-2025 10:20:25,2025-05-06,81900-PE,81900-PE-02-May-2025 10:20:25,595.0,2780.0
81102,02-May-2025 10:20:25,2025-05-06,82000-CE,82000-CE-02-May-2025 10:20:25,74.88,645220.0
81102,02-May-2025 10:20:25,2025-05-06,82000-PE,82000-PE-02-May-2025 10:20:25,275.41,32060.0
81100,02-May-2025 10:20:32,2025-05-06,80100-CE,80100-CE-02-May-2025 10:20:32,-23.27,34760.0
81100,02-May-2025 10:20:32,2025-05-06,80100-PE,80100-PE-02-May-2025 10:20:32,146.22,137440.0
81100,02-May-2025 10:20:32,2025-05-06,80200-CE,80200-CE-02-May-2025 10:20:32,-35.1,49920.0
81100,02-May-2025 10:20:32,2025-05-06,80200-PE,80200-PE-02-May-2025 10:20:32,80.44,193500.0
81100,02-May-2025 10:20:32,2025-05-06,80300-CE,80300-CE-02-May-2025 10:20:32,-40.06,90240.0
81100,02-May-2025 10:20:32,2025-05-06,80300-PE,80300-PE-02-May-2025 10:20:32,86.74,259040.0
81100,02-May-2025 10:20:32,2025-05-06,80400-CE,80400-CE-02-May-2025 10:20:32,-32.11,68460.0
81100,02-May-2025 10:20:32,2025-05-06,80400-PE,80400-PE-02-May-2025 10:20:32,95.76,180880.0
81100,02-May-2025 10:20:32,2025-05-06,80500-CE,80500-CE-02-May-2025 10:20:32,-8.97,210180.0
81100,02-May-2025 10:20:32,2025-05-06,80500-PE,80500-PE-02-May-2025 10:20:32,213.43,458360.0
81100,02-May-2025 10:20:33,2025-05-06,80600-CE,80600-CE-02-May-2025 10:20:33,2.14,74320.0
81100,02-May-2025 10:20:33,2025-05-06,80600-PE,80600-PE-02-May-2025 10:20:33,1396.11,261520.0
81100,02-May-2025 10:20:33,2025-05-06,80700-CE,80700-CE-02-May-2025 10:20:33,190.4,112500.0
81100,02-May-2025 10:20:33,2025-05-06,80700-PE,80700-PE-02-May-2025 10:20:33,2520.87,339140.0
81100,02-May-2025 10:20:33,2025-05-06,80800-CE,80800-CE-02-May-2025 10:20:33,73.53,85760.0
81100,02-May-2025 10:20:33,2025-05-06,80800-PE,80800-PE-02-May-2025 10:20:33,1790.74,245040.0
81100,02-May-2025 10:20:33,2025-05-06,80900-CE,80900-CE-02-May-2025 10:20:33,240.16,103680.0
81100,02-May-2025 10:20:33,2025-05-06,80900-PE,80900-PE-02-May-2025 10:20:33,2393.23,191480.0
81100,02-May-2025 10:20:33,2025-05-06,81000-CE,81000-CE-02-May-2025 10:20:33,99.03,412620.0
81100,02-May-2025 10:20:33,2025-05-06,81000-PE,81000-PE-02-May-2025 10:20:33,1669.29,562280.0
81100,02-May-2025 10:20:33,2025-05-06,81100-CE,81100-CE-02-May-2025 10:20:33,285.04,182740.0
81100,02-May-2025 10:20:33,2025-05-06,81100-PE,81100-PE-02-May-2025 10:20:33,4810.76,219020.0
81100,02-May-2025 10:20:33,2025-05-06,81200-CE,81200-CE-02-May-2025 10:20:33,356.31,253160.0
81100,02-May-2025 10:20:33,2025-05-06,81200-PE,81200-PE-02-May-2025 10:20:33,3233.78,148020.0
81100,02-May-2025 10:20:33,2025-05-06,81300-CE,81300-CE-02-May-2025 10:20:33,210.31,186680.0
81100,02-May-2025 10:20:33,2025-05-06,81300-PE,81300-PE-02-May-2025 10:20:33,1356.64,41660.0
81100,02-May-2025 10:20:33,2025-05-06,81400-CE,81400-CE-02-May-2025 10:20:33,122.34,146300.0
81100,02-May-2025 10:20:33,2025-05-06,81400-PE,81400-PE-02-May-2025 10:20:33,1087.13,23980.0
81100,02-May-2025 10:20:33,2025-05-06,81500-CE,81500-CE-02-May-2025 10:20:33,53.79,366080.0
81100,02-May-2025 10:20:33,2025-05-06,81500-PE,81500-PE-02-May-2025 10:20:33,1088.32,79380.0
81100,02-May-2025 10:20:33,2025-05-06,81600-CE,81600-CE-02-May-2025 10:20:33,220.04,144720.0
81100,02-May-2025 10:20:33,2025-05-06,81600-PE,81600-PE-02-May-2025 10:20:33,1900.0,8400.0
81100,02-May-2025 10:20:33,2025-05-06,81700-CE,81700-CE-02-May-2025 10:20:33,97.13,129160.0
81100,02-May-2025 10:20:33,2025-05-06,81700-PE,81700-PE-02-May-2025 10:20:33,3400.0,7000.0
81100,02-May-2025 10:20:33,2025-05-06,81800-CE,81800-CE-02-May-2025 10:20:33,126.18,132720.0
81100,02-May-2025 10:20:33,2025-05-06,81800-PE,81800-PE-02-May-2025 10:20:33,1450.0,4960.0
81100,02-May-2025 10:20:33,2025-05-06,81900-CE,81900-CE-02-May-2025 10:20:33,78.48,105660.0
81100,02-May-2025 10:20:33,2025-05-06,81900-PE,81900-PE-02-May-2025 10:20:33,595.0,2780.0
81100,02-May-2025 10:20:33,2025-05-06,82000-CE,82000-CE-02-May-2025 10:20:33,74.88,645220.0
81100,02-May-2025 10:20:33,2025-05-06,82000-PE,82000-PE-02-May-2025 10:20:33,275.41,32060.0
81096,02-May-2025 10:20:39,2025-05-06,80100-CE,80100-CE-02-May-2025 10:20:39,-23.27,34760.0
81096,02-May-2025 10:20:39,2025-05-06,80100-PE,80100-PE-02-May-2025 10:20:39,146.22,137440.0
81096,02-May-2025 10:20:39,2025-05-06,80200-CE,80200-CE-02-May-2025 10:20:39,-35.1,49920.0
81096,02-May-2025 10:20:39,2025-05-06,80200-PE,80200-PE-02-May-2025 10:20:39,80.44,193500.0
81096,02-May-2025 10:20:39,2025-05-06,80300-CE,80300-CE-02-May-2025 10:20:39,-40.06,90240.0
81096,02-May-2025 10:20:39,2025-05-06,80300-PE,80300-PE-02-May-2025 10:20:39,86.74,259040.0
81096,02-May-2025 10:20:39,2025-05-06,80400-CE,80400-CE-02-May-2025 10:20:39,-32.11,68460.0
81096,02-May-2025 10:20:39,2025-05-06,80400-PE,80400-PE-02-May-2025 10:20:39,95.76,180880.0
81096,02-May-2025 10:20:39,2025-05-06,80500-CE,80500-CE-02-May-2025 10:20:39,-8.97,210180.0
81096,02-May-2025 10:20:39,2025-05-06,80500-PE,80500-PE-02-May-2025 10:20:39,213.43,458360.0
81096,02-May-2025 10:20:39,2025-05-06,80600-CE,80600-CE-02-May-2025 10:20:39,2.14,74320.0
81096,02-May-2025 10:20:39,2025-05-06,80600-PE,80600-PE-02-May-2025 10:20:39,1396.11,261520.0
81096,02-May-2025 10:20:39,2025-05-06,80700-CE,80700-CE-02-May-2025 10:20:39,190.4,112500.0
81096,02-May-2025 10:20:39,2025-05-06,80700-PE,80700-PE-02-May-2025 10:20:39,2520.87,339140.0
81096,02-May-2025 10:20:39,2025-05-06,80800-CE,80800-CE-02-May-2025 10:20:39,73.53,85760.0
81096,02-May-2025 10:20:39,2025-05-06,80800-PE,80800-PE-02-May-2025 10:20:39,1790.74,245040.0
81096,02-May-2025 10:20:39,2025-05-06,80900-CE,80900-CE-02-May-2025 10:20:39,240.16,103680.0
81096,02-May-2025 10:20:39,2025-05-06,80900-PE,80900-PE-02-May-2025 10:20:39,2393.23,191480.0
81096,02-May-2025 10:20:39,2025-05-06,81000-CE,81000-CE-02-May-2025 10:20:39,99.03,412620.0
81096,02-May-2025 10:20:39,2025-05-06,81000-PE,81000-PE-02-May-2025 10:20:39,1669.29,562280.0
81096,02-May-2025 10:20:39,2025-05-06,81100-CE,81100-CE-02-May-2025 10:20:39,285.04,182740.0
81096,02-May-2025 10:20:39,2025-05-06,81100-PE,81100-PE-02-May-2025 10:20:39,4810.76,219020.0
81096,02-May-2025 10:20:39,2025-05-06,81200-CE,81200-CE-02-May-2025 10:20:39,356.31,253160.0
81096,02-May-2025 10:20:39,2025-05-06,81200-PE,81200-PE-02-May-2025 10:20:39,3233.78,148020.0
81096,02-May-2025 10:20:39,2025-05-06,81300-CE,81300-CE-02-May-2025 10:20:39,210.31,186680.0
81096,02-May-2025 10:20:39,2025-05-06,81300-PE,81300-PE-02-May-2025 10:20:39,1356.64,41660.0
81096,02-May-2025 10:20:39,2025-05-06,81400-CE,81400-CE-02-May-2025 10:20:39,122.34,146300.0
81096,02-May-2025 10:20:39,2025-05-06,81400-PE,81400-PE-02-May-2025 10:20:39,1087.13,23980.0
81096,02-May-2025 10:20:39,2025-05-06,81500-CE,81500-CE-02-May-2025 10:20:39,53.79,366080.0
81096,02-May-2025 10:20:39,2025-05-06,81500-PE,81500-PE-02-May-2025 10:20:39,1088.32,79380.0
81096,02-May-2025 10:20:39,2025-05-06,81600-CE,81600-CE-02-May-2025 10:20:39,220.04,144720.0
81096,02-May-2025 10:20:39,2025-05-06,81600-PE,81600-PE-02-May-2025 10:20:39,1900.0,8400.0
81096,02-May-2025 10:20:39,2025-05-06,81700-CE,81700-CE-02-May-2025 10:20:39,97.13,129160.0
81096,02-May-2025 10:20:39,2025-05-06,81700-PE,81700-PE-02-May-2025 10:20:39,3400.0,7000.0
81096,02-May-2025 10:20:39,2025-05-06,81800-CE,81800-CE-02-May-2025 10:20:39,126.18,132720.0
81096,02-May-2025 10:20:39,2025-05-06,81800-PE,81800-PE-02-May-2025 10:20:39,1450.0,4960.0
81096,02-May-2025 10:20:39,2025-05-06,81900-CE,81900-CE-02-May-2025 10:20:39,78.48,105660.0
81096,02-May-2025 10:20:39,2025-05-06,81900-PE,81900-PE-02-May-2025 10:20:39,595.0,2780.0
81096,02-May-2025 10:20:39,2025-05-06,82000-CE,82000-CE-02-May-2025 10:20:39,74.88,645220.0
81096,02-May-2025 10:20:39,2025-05-06,82000-PE,82000-PE-02-May-2025 10:20:39,275.41,32060.0
81095,02-May-2025 10:20:45,2025-05-06,80100-CE,80100-CE-02-May-2025 10:20:45,-23.27,34760.0
81095,02-May-2025 10:20:45,2025-05-06,80100-PE,80100-PE-02-May-2025 10:20:45,146.22,137440.0
81095,02-May-2025 10:20:45,2025-05-06,80200-CE,80200-CE-02-May-2025 10:20:45,-35.1,49920.0
81095,02-May-2025 10:20:45,2025-05-06,80200-PE,80200-PE-02-May-2025 10:20:45,80.44,193500.0
81095,02-May-2025 10:20:45,2025-05-06,80300-CE,80300-CE-02-May-2025 10:20:45,-40.06,90240.0
81095,02-May-2025 10:20:45,2025-05-06,80300-PE,80300-PE-02-May-2025 10:20:45,86.74,259040.0
81095,02-May-2025 10:20:45,2025-05-06,80400-CE,80400-CE-02-May-2025 10:20:45,-32.11,68460.0
81095,02-May-2025 10:20:45,2025-05-06,80400-PE,80400-PE-02-May-2025 10:20:45,95.76,180880.0
81095,02-May-2025 10:20:45,2025-05-06,80500-CE,80500-CE-02-May-2025 10:20:45,-8.97,210180.0
81095,02-May-2025 10:20:45,2025-05-06,80500-PE,80500-PE-02-May-2025 10:20:45,213.43,458360.0
81095,02-May-2025 10:20:45,2025-05-06,80600-CE,80600-CE-02-May-2025 10:20:45,2.14,74320.0
81095,02-May-2025 10:20:45,2025-05-06,80600-PE,80600-PE-02-May-2025 10:20:45,1396.11,261520.0
81095,02-May-2025 10:20:45,2025-05-06,80700-CE,80700-CE-02-May-2025 10:20:45,190.4,112500.0
81095,02-May-2025 10:20:45,2025-05-06,80700-PE,80700-PE-02-May-2025 10:20:45,2520.87,339140.0
81095,02-May-2025 10:20:45,2025-05-06,80800-CE,80800-CE-02-May-2025 10:20:45,73.53,85760.0
81095,02-May-2025 10:20:45,2025-05-06,80800-PE,80800-PE-02-May-2025 10:20:45,1790.74,245040.0
81095,02-May-2025 10:20:45,2025-05-06,80900-CE,80900-CE-02-May-2025 10:20:45,240.16,103680.0
81095,02-May-2025 10:20:45,2025-05-06,80900-PE,80900-PE-02-May-2025 10:20:45,2393.23,191480.0
81095,02-May-2025 10:20:45,2025-05-06,81000-CE,81000-CE-02-May-2025 10:20:45,99.03,412620.0
81095,02-May-2025 10:20:45,2025-05-06,81000-PE,81000-PE-02-May-2025 10:20:45,1669.29,562280.0
81095,02-May-2025 10:20:45,2025-05-06,81100-CE,81100-CE-02-May-2025 10:20:45,285.04,182740.0
81095,02-May-2025 10:20:45,2025-05-06,81100-PE,81100-PE-02-May-2025 10:20:45,4810.76,219020.0
81095,02-May-2025 10:20:45,2025-05-06,81200-CE,81200-CE-02-May-2025 10:20:45,356.31,253160.0
81095,02-May-2025 10:20:45,2025-05-06,81200-PE,81200-PE-02-May-2025 10:20:45,3233.78,148020.0
81095,02-May-2025 10:20:45,2025-05-06,81300-CE,81300-CE-02-May-2025 10:20:45,210.31,186680.0
81095,02-May-2025 10:20:45,2025-05-06,81300-PE,81300-PE-02-May-2025 10:20:45,1356.64,41660.0
81095,02-May-2025 10:20:45,2025-05-06,81400-CE,81400-CE-02-May-2025 10:20:45,122.34,146300.0
81095,02-May-2025 10:20:45,2025-05-06,81400-PE,81400-PE-02-May-2025 10:20:45,1087.13,23980.0
81095,02-May-2025 10:20:45,2025-05-06,81500-CE,81500-CE-02-May-2025 10:20:45,53.79,366080.0
81095,02-May-2025 10:20:45,2025-05-06,81500-PE,81500-PE-02-May-2025 10:20:45,1088.32,79380.0
81095,02-May-2025 10:20:45,2025-05-06,81600-CE,81600-CE-02-May-2025 10:20:45,220.04,144720.0
81095,02-May-2025 10:20:45,2025-05-06,81600-PE,81600-PE-02-May-2025 10:20:45,1900.0,8400.0
81095,02-May-2025 10:20:45,2025-05-06,81700-CE,81700-CE-02-May-2025 10:20:45,97.13,129160.0
81095,02-May-2025 10:20:45,2025-05-06,81700-PE,81700-PE-02-May-2025 10:20:45,3400.0,7000.0
81095,02-May-2025 10:20:45,2025-05-06,81800-CE,81800-CE-02-May-2025 10:20:45,126.18,132720.0
81095,02-May-2025 10:20:45,2025-05-06,81800-PE,81800-PE-02-May-2025 10:20:45,1450.0,4960.0
81095,02-May-2025 10:20:46,2025-05-06,81900-CE,81900-CE-02-May-2025 10:20:46,78.48,105660.0
81095,02-May-2025 10:20:46,2025-05-06,81900-PE,81900-PE-02-May-2025 10:20:46,595.0,2780.0
81095,02-May-2025 10:20:46,2025-05-06,82000-CE,82000-CE-02-May-2025 10:20:46,74.88,645220.0
81095,02-May-2025 10:20:46,2025-05-06,82000-PE,82000-PE-02-May-2025 10:20:46,275.41,32060.0
81095,02-May-2025 10:20:53,2025-05-06,80100-CE,80100-CE-02-May-2025 10:20:53,-23.27,34760.0
81095,02-May-2025 10:20:53,2025-05-06,80100-PE,80100-PE-02-May-2025 10:20:53,146.22,137440.0
81095,02-May-2025 10:20:53,2025-05-06,80200-CE,80200-CE-02-May-2025 10:20:53,-35.1,49920.0
81095,02-May-2025 10:20:53,2025-05-06,80200-PE,80200-PE-02-May-2025 10:20:53,80.44,193500.0
81095,02-May-2025 10:20:53,2025-05-06,80300-CE,80300-CE-02-May-2025 10:20:53,-40.06,90240.0
81095,02-May-2025 10:20:53,2025-05-06,80300-PE,80300-PE-02-May-2025 10:20:53,86.74,259040.0
81095,02-May-2025 10:20:53,2025-05-06,80400-CE,80400-CE-02-May-2025 10:20:53,-32.11,68460.0
81095,02-May-2025 10:20:53,2025-05-06,80400-PE,80400-PE-02-May-2025 10:20:53,95.76,180880.0
81095,02-May-2025 10:20:53,2025-05-06,80500-CE,80500-CE-02-May-2025 10:20:53,-8.97,210180.0
81095,02-May-2025 10:20:53,2025-05-06,80500-PE,80500-PE-02-May-2025 10:20:53,213.43,458360.0
81095,02-May-2025 10:20:53,2025-05-06,80600-CE,80600-CE-02-May-2025 10:20:53,2.14,74320.0
81095,02-May-2025 10:20:53,2025-05-06,80600-PE,80600-PE-02-May-2025 10:20:53,1396.11,261520.0
81095,02-May-2025 10:20:53,2025-05-06,80700-CE,80700-CE-02-May-2025 10:20:53,190.4,112500.0
81095,02-May-2025 10:20:53,2025-05-06,80700-PE,80700-PE-02-May-2025 10:20:53,2520.87,339140.0
81095,02-May-2025 10:20:53,2025-05-06,80800-CE,80800-CE-02-May-2025 10:20:53,73.53,85760.0
81095,02-May-2025 10:20:53,2025-05-06,80800-PE,80800-PE-02-May-2025 10:20:53,1790.74,245040.0
81095,02-May-2025 10:20:53,2025-05-06,80900-CE,80900-CE-02-May-2025 10:20:53,240.16,103680.0
81095,02-May-2025 10:20:53,2025-05-06,80900-PE,80900-PE-02-May-2025 10:20:53,2393.23,191480.0
81095,02-May-2025 10:20:54,2025-05-06,81000-CE,81000-CE-02-May-2025 10:20:54,99.03,412620.0
81095,02-May-2025 10:20:54,2025-05-06,81000-PE,81000-PE-02-May-2025 10:20:54,1669.29,562280.0
81095,02-May-2025 10:20:54,2025-05-06,81100-CE,81100-CE-02-May-2025 10:20:54,285.04,182740.0
81095,02-May-2025 10:20:54,2025-05-06,81100-PE,81100-PE-02-May-2025 10:20:54,4810.76,219020.0
81095,02-May-2025 10:20:54,2025-05-06,81200-CE,81200-CE-02-May-2025 10:20:54,356.31,253160.0
81095,02-May-2025 10:20:54,2025-05-06,81200-PE,81200-PE-02-May-2025 10:20:54,3233.78,148020.0
81095,02-May-2025 10:20:54,2025-05-06,81300-CE,81300-CE-02-May-2025 10:20:54,210.31,186680.0
81095,02-May-2025 10:20:54,2025-05-06,81300-PE,81300-PE-02-May-2025 10:20:54,1356.64,41660.0
81095,02-May-2025 10:20:54,2025-05-06,81400-CE,81400-CE-02-May-2025 10:20:54,122.34,146300.0
81095,02-May-2025 10:20:54,2025-05-06,81400-PE,81400-PE-02-May-2025 10:20:54,1087.13,23980.0
81095,02-May-2025 10:20:54,2025-05-06,81500-CE,81500-CE-02-May-2025 10:20:54,53.79,366080.0
81095,02-May-2025 10:20:54,2025-05-06,81500-PE,81500-PE-02-May-2025 10:20:54,1088.32,79380.0
81095,02-May-2025 10:20:54,2025-05-06,81600-CE,81600-CE-02-May-2025 10:20:54,220.04,144720.0
81095,02-May-2025 10:20:54,2025-05-06,81600-PE,81600-PE-02-May-2025 10:20:54,1900.0,8400.0
81095,02-May-2025 10:20:54,2025-05-06,81700-CE,81700-CE-02-May-2025 10:20:54,97.13,129160.0
81095,02-May-2025 10:20:54,2025-05-06,81700-PE,81700-PE-02-May-2025 10:20:54,3400.0,7000.0
81095,02-May-2025 10:20:54,2025-05-06,81800-CE,81800-CE-02-May-2025 10:20:54,126.18,132720.0
81095,02-May-2025 10:20:54,2025-05-06,81800-PE,81800-PE-02-May-2025 10:20:54,1450.0,4960.0
81095,02-May-2025 10:20:54,2025-05-06,81900-CE,81900-CE-02-May-2025 10:20:54,78.48,105660.0
81095,02-May-2025 10:20:54,2025-05-06,81900-PE,81900-PE-02-May-2025 10:20:54,595.0,2780.0
81095,02-May-2025 10:20:54,2025-05-06,82000-CE,82000-CE-02-May-2025 10:20:54,74.88,645220.0
81095,02-May-2025 10:20:54,2025-05-06,82000-PE,82000-PE-02-May-2025 10:20:54,275.41,32060.0
81095,02-May-2025 10:21:00,2025-05-06,80100-CE,80100-CE-02-May-2025 10:21:00,-23.36,34720.0
81095,02-May-2025 10:21:00,2025-05-06,80100-PE,80100-PE-02-May-2025 10:21:00,153.35,141420.0
81095,02-May-2025 10:21:00,2025-05-06,80200-CE,80200-CE-02-May-2025 10:21:00,-34.76,50180.0
81095,02-May-2025 10:21:00,2025-05-06,80200-PE,80200-PE-02-May-2025 10:21:00,74.58,187220.0
81095,02-May-2025 10:21:01,2025-05-06,80300-CE,80300-CE-02-May-2025 10:21:01,-40.69,89280.0
81095,02-May-2025 10:21:01,2025-05-06,80300-PE,80300-PE-02-May-2025 10:21:01,90.48,264240.0
81095,02-May-2025 10:21:01,2025-05-06,80400-CE,80400-CE-02-May-2025 10:21:01,-31.97,68600.0
81095,02-May-2025 10:21:01,2025-05-06,80400-PE,80400-PE-02-May-2025 10:21:01,98.68,183580.0
81095,02-May-2025 10:21:01,2025-05-06,80500-CE,80500-CE-02-May-2025 10:21:01,-9.51,208920.0
81095,02-May-2025 10:21:01,2025-05-06,80500-PE,80500-PE-02-May-2025 10:21:01,218.18,465300.0
81095,02-May-2025 10:21:01,2025-05-06,80600-CE,80600-CE-02-May-2025 10:21:01,3.22,75100.0
81095,02-May-2025 10:21:01,2025-05-06,80600-PE,80600-PE-02-May-2025 10:21:01,1393.82,261120.0
81095,02-May-2025 10:21:01,2025-05-06,80700-CE,80700-CE-02-May-2025 10:21:01,190.55,112560.0
81095,02-May-2025 10:21:01,2025-05-06,80700-PE,80700-PE-02-May-2025 10:21:01,2526.74,339900.0
81095,02-May-2025 10:21:01,2025-05-06,80800-CE,80800-CE-02-May-2025 10:21:01,71.35,84680.0
81095,02-May-2025 10:21:01,2025-05-06,80800-PE,80800-PE-02-May-2025 10:21:01,1794.29,245500.0
81095,02-May-2025 10:21:01,2025-05-06,80900-CE,80900-CE-02-May-2025 10:21:01,240.03,103640.0
81095,02-May-2025 10:21:01,2025-05-06,80900-PE,80900-PE-02-May-2025 10:21:01,2407.03,192540.0
81095,02-May-2025 10:21:01,2025-05-06,81000-CE,81000-CE-02-May-2025 10:21:01,98.24,411000.0
81095,02-May-2025 10:21:01,2025-05-06,81000-PE,81000-PE-02-May-2025 10:21:01,1696.04,570780.0
81095,02-May-2025 10:21:01,2025-05-06,81100-CE,81100-CE-02-May-2025 10:21:01,295.58,187740.0
81095,02-May-2025 10:21:01,2025-05-06,81100-PE,81100-PE-02-May-2025 10:21:01,5050.22,229700.0
81095,02-May-2025 10:21:01,2025-05-06,81200-CE,81200-CE-02-May-2025 10:21:01,377.25,264780.0
81095,02-May-2025 10:21:01,2025-05-06,81200-PE,81200-PE-02-May-2025 10:21:01,3544.14,161800.0
81095,02-May-2025 10:21:01,2025-05-06,81300-CE,81300-CE-02-May-2025 10:21:01,247.61,209120.0
81095,02-May-2025 10:21:01,2025-05-06,81300-PE,81300-PE-02-May-2025 10:21:01,1506.99,45960.0
81095,02-May-2025 10:21:01,2025-05-06,81400-CE,81400-CE-02-May-2025 10:21:01,125.96,148680.0
81095,02-May-2025 10:21:01,2025-05-06,81400-PE,81400-PE-02-May-2025 10:21:01,1130.69,24860.0
81095,02-May-2025 10:21:01,2025-05-06,81500-CE,81500-CE-02-May-2025 10:21:01,57.3,374440.0
81095,02-May-2025 10:21:01,2025-05-06,81500-PE,81500-PE-02-May-2025 10:21:01,1053.89,77080.0
81095,02-May-2025 10:21:01,2025-05-06,81600-CE,81600-CE-02-May-2025 10:21:01,230.43,149420.0
81095,02-May-2025 10:21:01,2025-05-06,81600-PE,81600-PE-02-May-2025 10:21:01,2004.76,8840.0
81095,02-May-2025 10:21:01,2025-05-06,81700-CE,81700-CE-02-May-2025 10:21:01,98.32,129940.0
81095,02-May-2025 10:21:01,2025-05-06,81700-PE,81700-PE-02-May-2025 10:21:01,3430.0,7060.0
81095,02-May-2025 10:21:01,2025-05-06,81800-CE,81800-CE-02-May-2025 10:21:01,136.54,138800.0
81095,02-May-2025 10:21:01,2025-05-06,81800-PE,81800-PE-02-May-2025 10:21:01,1431.25,4900.0
81095,02-May-2025 10:21:01,2025-05-06,81900-CE,81900-CE-02-May-2025 10:21:01,77.16,104880.0
81095,02-May-2025 10:21:01,2025-05-06,81900-PE,81900-PE-02-May-2025 10:21:01,600.0,2800.0
81095,02-May-2025 10:21:01,2025-05-06,82000-CE,82000-CE-02-May-2025 10:21:01,74.44,643620.0
81095,02-May-2025 10:21:01,2025-05-06,82000-PE,82000-PE-02-May-2025 10:21:01,274.24,31960.0
81102,02-May-2025 10:21:06,2025-05-06,80100-CE,80100-CE-02-May-2025 10:21:06,-23.36,34720.0
81102,02-May-2025 10:21:06,2025-05-06,80100-PE,80100-PE-02-May-2025 10:21:06,153.35,141420.0
81102,02-May-2025 10:21:06,2025-05-06,80200-CE,80200-CE-02-May-2025 10:21:06,-34.76,50180.0
81102,02-May-2025 10:21:06,2025-05-06,80200-PE,80200-PE-02-May-2025 10:21:06,74.58,187220.0
81102,02-May-2025 10:21:06,2025-05-06,80300-CE,80300-CE-02-May-2025 10:21:06,-40.69,89280.0
81102,02-May-2025 10:21:06,2025-05-06,80300-PE,80300-PE-02-May-2025 10:21:06,90.48,264240.0
81102,02-May-2025 10:21:06,2025-05-06,80400-CE,80400-CE-02-May-2025 10:21:06,-31.97,68600.0
81102,02-May-2025 10:21:06,2025-05-06,80400-PE,80400-PE-02-May-2025 10:21:06,98.68,183580.0
81102,02-May-2025 10:21:06,2025-05-06,80500-CE,80500-CE-02-May-2025 10:21:06,-9.51,208920.0
81102,02-May-2025 10:21:06,2025-05-06,80500-PE,80500-PE-02-May-2025 10:21:06,218.18,465300.0
81102,02-May-2025 10:21:06,2025-05-06,80600-CE,80600-CE-02-May-2025 10:21:06,3.22,75100.0
81102,02-May-2025 10:21:06,2025-05-06,80600-PE,80600-PE-02-May-2025 10:21:06,1393.82,261120.0
81102,02-May-2025 10:21:06,2025-05-06,80700-CE,80700-CE-02-May-2025 10:21:06,190.55,112560.0
81102,02-May-2025 10:21:06,2025-05-06,80700-PE,80700-PE-02-May-2025 10:21:06,2526.74,339900.0
81102,02-May-2025 10:21:06,2025-05-06,80800-CE,80800-CE-02-May-2025 10:21:06,71.35,84680.0
81102,02-May-2025 10:21:06,2025-05-06,80800-PE,80800-PE-02-May-2025 10:21:06,1794.29,245500.0
81102,02-May-2025 10:21:06,2025-05-06,80900-CE,80900-CE-02-May-2025 10:21:06,240.03,103640.0
81102,02-May-2025 10:21:06,2025-05-06,80900-PE,80900-PE-02-May-2025 10:21:06,2407.03,192540.0
81102,02-May-2025 10:21:06,2025-05-06,81000-CE,81000-CE-02-May-2025 10:21:06,98.24,411000.0
81102,02-May-2025 10:21:06,2025-05-06,81000-PE,81000-PE-02-May-2025 10:21:06,1696.04,570780.0
81102,02-May-2025 10:21:06,2025-05-06,81100-CE,81100-CE-02-May-2025 10:21:06,295.58,187740.0
81102,02-May-2025 10:21:06,2025-05-06,81100-PE,81100-PE-02-May-2025 10:21:06,5050.22,229700.0
81102,02-May-2025 10:21:07,2025-05-06,81200-CE,81200-CE-02-May-2025 10:21:07,377.25,264780.0
81102,02-May-2025 10:21:07,2025-05-06,81200-PE,81200-PE-02-May-2025 10:21:07,3544.14,161800.0
81102,02-May-2025 10:21:07,2025-05-06,81300-CE,81300-CE-02-May-2025 10:21:07,247.61,209120.0
81102,02-May-2025 10:21:07,2025-05-06,81300-PE,81300-PE-02-May-2025 10:21:07,1506.99,45960.0
81102,02-May-2025 10:21:07,2025-05-06,81400-CE,81400-CE-02-May-2025 10:21:07,125.96,148680.0
81102,02-May-2025 10:21:07,2025-05-06,81400-PE,81400-PE-02-May-2025 10:21:07,1130.69,24860.0
81102,02-May-2025 10:21:07,2025-05-06,81500-CE,81500-CE-02-May-2025 10:21:07,57.3,374440.0
81102,02-May-2025 10:21:07,2025-05-06,81500-PE,81500-PE-02-May-2025 10:21:07,1053.89,77080.0
81102,02-May-2025 10:21:07,2025-05-06,81600-CE,81600-CE-02-May-2025 10:21:07,230.43,149420.0
81102,02-May-2025 10:21:07,2025-05-06,81600-PE,81600-PE-02-May-2025 10:21:07,2004.76,8840.0
81102,02-May-2025 10:21:07,2025-05-06,81700-CE,81700-CE-02-May-2025 10:21:07,98.32,129940.0
81102,02-May-2025 10:21:07,2025-05-06,81700-PE,81700-PE-02-May-2025 10:21:07,3430.0,7060.0
81102,02-May-2025 10:21:07,2025-05-06,81800-CE,81800-CE-02-May-2025 10:21:07,136.54,138800.0
81102,02-May-2025 10:21:07,2025-05-06,81800-PE,81800-PE-02-May-2025 10:21:07,1431.25,4900.0
81102,02-May-2025 10:21:07,2025-05-06,81900-CE,81900-CE-02-May-2025 10:21:07,77.16,104880.0
81102,02-May-2025 10:21:07,2025-05-06,81900-PE,81900-PE-02-May-2025 10:21:07,600.0,2800.0
81102,02-May-2025 10:21:07,2025-05-06,82000-CE,82000-CE-02-May-2025 10:21:07,74.44,643620.0
81102,02-May-2025 10:21:07,2025-05-06,82000-PE,82000-PE-02-May-2025 10:21:07,274.24,31960.0
81109,02-May-2025 10:21:12,2025-05-06,80100-CE,80100-CE-02-May-2025 10:21:12,-23.36,34720.0
81109,02-May-2025 10:21:12,2025-05-06,80100-PE,80100-PE-02-May-2025 10:21:12,153.35,141420.0
81109,02-May-2025 10:21:12,2025-05-06,80200-CE,80200-CE-02-May-2025 10:21:12,-34.76,50180.0
81109,02-May-2025 10:21:12,2025-05-06,80200-PE,80200-PE-02-May-2025 10:21:12,74.58,187220.0
81109,02-May-2025 10:21:12,2025-05-06,80300-CE,80300-CE-02-May-2025 10:21:12,-40.69,89280.0
81109,02-May-2025 10:21:12,2025-05-06,80300-PE,80300-PE-02-May-2025 10:21:12,90.48,264240.0
81109,02-May-2025 10:21:12,2025-05-06,80400-CE,80400-CE-02-May-2025 10:21:12,-31.97,68600.0
81109,02-May-2025 10:21:12,2025-05-06,80400-PE,80400-PE-02-May-2025 10:21:12,98.68,183580.0
81109,02-May-2025 10:21:12,2025-05-06,80500-CE,80500-CE-02-May-2025 10:21:12,-9.51,208920.0
81109,02-May-2025 10:21:12,2025-05-06,80500-PE,80500-PE-02-May-2025 10:21:12,218.18,465300.0
81109,02-May-2025 10:21:12,2025-05-06,80600-CE,80600-CE-02-May-2025 10:21:12,3.22,75100.0
81109,02-May-2025 10:21:12,2025-05-06,80600-PE,80600-PE-02-May-2025 10:21:12,1393.82,261120.0
81109,02-May-2025 10:21:12,2025-05-06,80700-CE,80700-CE-02-May-2025 10:21:12,190.55,112560.0
81109,02-May-2025 10:21:12,2025-05-06,80700-PE,80700-PE-02-May-2025 10:21:12,2526.74,339900.0
81109,02-May-2025 10:21:12,2025-05-06,80800-CE,80800-CE-02-May-2025 10:21:12,71.35,84680.0
81109,02-May-2025 10:21:12,2025-05-06,80800-PE,80800-PE-02-May-2025 10:21:12,1794.29,245500.0
81109,02-May-2025 10:21:12,2025-05-06,80900-CE,80900-CE-02-May-2025 10:21:12,240.03,103640.0
81109,02-May-2025 10:21:12,2025-05-06,80900-PE,80900-PE-02-May-2025 10:21:12,2407.03,192540.0
81109,02-May-2025 10:21:12,2025-05-06,81000-CE,81000-CE-02-May-2025 10:21:12,98.24,411000.0
81109,02-May-2025 10:21:12,2025-05-06,81000-PE,81000-PE-02-May-2025 10:21:12,1696.04,570780.0
81109,02-May-2025 10:21:12,2025-05-06,81100-CE,81100-CE-02-May-2025 10:21:12,295.58,187740.0
81109,02-May-2025 10:21:12,2025-05-06,81100-PE,81100-PE-02-May-2025 10:21:12,5050.22,229700.0
81109,02-May-2025 10:21:12,2025-05-06,81200-CE,81200-CE-02-May-2025 10:21:12,377.25,264780.0
81109,02-May-2025 10:21:12,2025-05-06,81200-PE,81200-PE-02-May-2025 10:21:12,3544.14,161800.0
81109,02-May-2025 10:21:12,2025-05-06,81300-CE,81300-CE-02-May-2025 10:21:12,247.61,209120.0
81109,02-May-2025 10:21:12,2025-05-06,81300-PE,81300-PE-02-May-2025 10:21:12,1506.99,45960.0
81109,02-May-2025 10:21:12,2025-05-06,81400-CE,81400-CE-02-May-2025 10:21:12,125.96,148680.0
81109,02-May-2025 10:21:12,2025-05-06,81400-PE,81400-PE-02-May-2025 10:21:12,1130.69,24860.0
81109,02-May-2025 10:21:12,2025-05-06,81500-CE,81500-CE-02-May-2025 10:21:12,57.3,374440.0
81109,02-May-2025 10:21:12,2025-05-06,81500-PE,81500-PE-02-May-2025 10:21:12,1053.89,77080.0
81109,02-May-2025 10:21:12,2025-05-06,81600-CE,81600-CE-02-May-2025 10:21:12,230.43,149420.0
81109,02-May-2025 10:21:12,2025-05-06,81600-PE,81600-PE-02-May-2025 10:21:12,2004.76,8840.0
81109,02-May-2025 10:21:12,2025-05-06,81700-CE,81700-CE-02-May-2025 10:21:12,98.32,129940.0
81109,02-May-2025 10:21:12,2025-05-06,81700-PE,81700-PE-02-May-2025 10:21:12,3430.0,7060.0
81109,02-May-2025 10:21:12,2025-05-06,81800-CE,81800-CE-02-May-2025 10:21:12,136.54,138800.0
81109,02-May-2025 10:21:12,2025-05-06,81800-PE,81800-PE-02-May-2025 10:21:12,1431.25,4900.0
81109,02-May-2025 10:21:12,2025-05-06,81900-CE,81900-CE-02-May-2025 10:21:12,77.16,104880.0
81109,02-May-2025 10:21:12,2025-05-06,81900-PE,81900-PE-02-May-2025 10:21:12,600.0,2800.0
81109,02-May-2025 10:21:12,2025-05-06,82000-CE,82000-CE-02-May-2025 10:21:12,74.44,643620.0
81109,02-May-2025 10:21:12,2025-05-06,82000-PE,82000-PE-02-May-2025 10:21:12,274.24,31960.0
81091,02-May-2025 10:21:18,2025-05-06,80100-CE,80100-CE-02-May-2025 10:21:18,-23.36,34720.0
81091,02-May-2025 10:21:18,2025-05-06,80100-PE,80100-PE-02-May-2025 10:21:18,153.35,141420.0
81091,02-May-2025 10:21:18,2025-05-06,80200-CE,80200-CE-02-May-2025 10:21:18,-34.76,50180.0
81091,02-May-2025 10:21:18,2025-05-06,80200-PE,80200-PE-02-May-2025 10:21:18,74.58,187220.0
81091,02-May-2025 10:21:18,2025-05-06,80300-CE,80300-CE-02-May-2025 10:21:18,-40.69,89280.0
81091,02-May-2025 10:21:18,2025-05-06,80300-PE,80300-PE-02-May-2025 10:21:18,90.48,264240.0
81091,02-May-2025 10:21:18,2025-05-06,80400-CE,80400-CE-02-May-2025 10:21:18,-31.97,68600.0
81091,02-May-2025 10:21:18,2025-05-06,80400-PE,80400-PE-02-May-2025 10:21:18,98.68,183580.0
81091,02-May-2025 10:21:18,2025-05-06,80500-CE,80500-CE-02-May-2025 10:21:18,-9.51,208920.0
81091,02-May-2025 10:21:18,2025-05-06,80500-PE,80500-PE-02-May-2025 10:21:18,218.18,465300.0
81091,02-May-2025 10:21:18,2025-05-06,80600-CE,80600-CE-02-May-2025 10:21:18,3.22,75100.0
81091,02-May-2025 10:21:18,2025-05-06,80600-PE,80600-PE-02-May-2025 10:21:18,1393.82,261120.0
81091,02-May-2025 10:21:18,2025-05-06,80700-CE,80700-CE-02-May-2025 10:21:18,190.55,112560.0
81091,02-May-2025 10:21:18,2025-05-06,80700-PE,80700-PE-02-May-2025 10:21:18,2526.74,339900.0
81091,02-May-2025 10:21:18,2025-05-06,80800-CE,80800-CE-02-May-2025 10:21:18,71.35,84680.0
81091,02-May-2025 10:21:18,2025-05-06,80800-PE,80800-PE-02-May-2025 10:21:18,1794.29,245500.0
81091,02-May-2025 10:21:18,2025-05-06,80900-CE,80900-CE-02-May-2025 10:21:18,240.03,103640.0
81091,02-May-2025 10:21:18,2025-05-06,80900-PE,80900-PE-02-May-2025 10:21:18,2407.03,192540.0
81091,02-May-2025 10:21:18,2025-05-06,81000-CE,81000-CE-02-May-2025 10:21:18,98.24,411000.0
81091,02-May-2025 10:21:18,2025-05-06,81000-PE,81000-PE-02-May-2025 10:21:18,1696.04,570780.0
81091,02-May-2025 10:21:18,2025-05-06,81100-CE,81100-CE-02-May-2025 10:21:18,295.58,187740.0
81091,02-May-2025 10:21:18,2025-05-06,81100-PE,81100-PE-02-May-2025 10:21:18,5050.22,229700.0
81091,02-May-2025 10:21:18,2025-05-06,81200-CE,81200-CE-02-May-2025 10:21:18,377.25,264780.0
81091,02-May-2025 10:21:18,2025-05-06,81200-PE,81200-PE-02-May-2025 10:21:18,3544.14,161800.0
81091,02-May-2025 10:21:19,2025-05-06,81300-CE,81300-CE-02-May-2025 10:21:19,247.61,209120.0
81091,02-May-2025 10:21:19,2025-05-06,81300-PE,81300-PE-02-May-2025 10:21:19,1506.99,45960.0
81091,02-May-2025 10:21:19,2025-05-06,81400-CE,81400-CE-02-May-2025 10:21:19,125.96,148680.0
81091,02-May-2025 10:21:19,2025-05-06,81400-PE,81400-PE-02-May-2025 10:21:19,1130.69,24860.0
81091,02-May-2025 10:21:19,2025-05-06,81500-CE,81500-CE-02-May-2025 10:21:19,57.3,374440.0
81091,02-May-2025 10:21:19,2025-05-06,81500-PE,81500-PE-02-May-2025 10:21:19,1053.89,77080.0
81091,02-May-2025 10:21:19,2025-05-06,81600-CE,81600-CE-02-May-2025 10:21:19,230.43,149420.0
81091,02-May-2025 10:21:19,2025-05-06,81600-PE,81600-PE-02-May-2025 10:21:19,2004.76,8840.0
81091,02-May-2025 10:21:19,2025-05-06,81700-CE,81700-CE-02-May-2025 10:21:19,98.32,129940.0
81091,02-May-2025 10:21:19,2025-05-06,81700-PE,81700-PE-02-May-2025 10:21:19,3430.0,7060.0
81091,02-May-2025 10:21:19,2025-05-06,81800-CE,81800-CE-02-May-2025 10:21:19,136.54,138800.0
81091,02-May-2025 10:21:19,2025-05-06,81800-PE,81800-PE-02-May-2025 10:21:19,1431.25,4900.0
81091,02-May-2025 10:21:19,2025-05-06,81900-CE,81900-CE-02-May-2025 10:21:19,77.16,104880.0
81091,02-May-2025 10:21:19,2025-05-06,81900-PE,81900-PE-02-May-2025 10:21:19,600.0,2800.0
81091,02-May-2025 10:21:19,2025-05-06,82000-CE,82000-CE-02-May-2025 10:21:19,74.44,643620.0
81091,02-May-2025 10:21:19,2025-05-06,82000-PE,82000-PE-02-May-2025 10:21:19,274.24,31960.0
81098,02-May-2025 10:21:23,2025-05-06,80100-CE,80100-CE-02-May-2025 10:21:23,-23.36,34720.0
81098,02-May-2025 10:21:23,2025-05-06,80100-PE,80100-PE-02-May-2025 10:21:23,153.35,141420.0
81098,02-May-2025 10:21:23,2025-05-06,80200-CE,80200-CE-02-May-2025 10:21:23,-34.76,50180.0
81098,02-May-2025 10:21:23,2025-05-06,80200-PE,80200-PE-02-May-2025 10:21:23,74.58,187220.0
81098,02-May-2025 10:21:23,2025-05-06,80300-CE,80300-CE-02-May-2025 10:21:23,-40.69,89280.0
81098,02-May-2025 10:21:23,2025-05-06,80300-PE,80300-PE-02-May-2025 10:21:23,90.48,264240.0
81098,02-May-2025 10:21:23,2025-05-06,80400-CE,80400-CE-02-May-2025 10:21:23,-31.97,68600.0
81098,02-May-2025 10:21:23,2025-05-06,80400-PE,80400-PE-02-May-2025 10:21:23,98.68,183580.0
81098,02-May-2025 10:21:23,2025-05-06,80500-CE,80500-CE-02-May-2025 10:21:23,-9.51,208920.0
81098,02-May-2025 10:21:23,2025-05-06,80500-PE,80500-PE-02-May-2025 10:21:23,218.18,465300.0
81098,02-May-2025 10:21:23,2025-05-06,80600-CE,80600-CE-02-May-2025 10:21:23,3.22,75100.0
81098,02-May-2025 10:21:23,2025-05-06,80600-PE,80600-PE-02-May-2025 10:21:23,1393.82,261120.0
81098,02-May-2025 10:21:23,2025-05-06,80700-CE,80700-CE-02-May-2025 10:21:23,190.55,112560.0
81098,02-May-2025 10:21:23,2025-05-06,80700-PE,80700-PE-02-May-2025 10:21:23,2526.74,339900.0
81098,02-May-2025 10:21:23,2025-05-06,80800-CE,80800-CE-02-May-2025 10:21:23,71.35,84680.0
81098,02-May-2025 10:21:23,2025-05-06,80800-PE,80800-PE-02-May-2025 10:21:23,1794.29,245500.0
81098,02-May-2025 10:21:23,2025-05-06,80900-CE,80900-CE-02-May-2025 10:21:23,240.03,103640.0
81098,02-May-2025 10:21:23,2025-05-06,80900-PE,80900-PE-02-May-2025 10:21:23,2407.03,192540.0
81098,02-May-2025 10:21:23,2025-05-06,81000-CE,81000-CE-02-May-2025 10:21:23,98.24,411000.0
81098,02-May-2025 10:21:23,2025-05-06,81000-PE,81000-PE-02-May-2025 10:21:23,1696.04,570780.0
81098,02-May-2025 10:21:23,2025-05-06,81100-CE,81100-CE-02-May-2025 10:21:23,295.58,187740.0
81098,02-May-2025 10:21:23,2025-05-06,81100-PE,81100-PE-02-May-2025 10:21:23,5050.22,229700.0
81098,02-May-2025 10:21:23,2025-05-06,81200-CE,81200-CE-02-May-2025 10:21:23,377.25,264780.0
81098,02-May-2025 10:21:23,2025-05-06,81200-PE,81200-PE-02-May-2025 10:21:23,3544.14,161800.0
81098,02-May-2025 10:21:23,2025-05-06,81300-CE,81300-CE-02-May-2025 10:21:23,247.61,209120.0
81098,02-May-2025 10:21:23,2025-05-06,81300-PE,81300-PE-02-May-2025 10:21:23,1506.99,45960.0
81098,02-May-2025 10:21:23,2025-05-06,81400-CE,81400-CE-02-May-2025 10:21:23,125.96,148680.0
81098,02-May-2025 10:21:23,2025-05-06,81400-PE,81400-PE-02-May-2025 10:21:23,1130.69,24860.0
81098,02-May-2025 10:21:23,2025-05-06,81500-CE,81500-CE-02-May-2025 10:21:23,57.3,374440.0
81098,02-May-2025 10:21:23,2025-05-06,81500-PE,81500-PE-02-May-2025 10:21:23,1053.89,77080.0
81098,02-May-2025 10:21:23,2025-05-06,81600-CE,81600-CE-02-May-2025 10:21:23,230.43,149420.0
81098,02-May-2025 10:21:23,2025-05-06,81600-PE,81600-PE-02-May-2025 10:21:23,2004.76,8840.0
81098,02-May-2025 10:21:23,2025-05-06,81700-CE,81700-CE-02-May-2025 10:21:23,98.32,129940.0
81098,02-May-2025 10:21:23,2025-05-06,81700-PE,81700-PE-02-May-2025 10:21:23,3430.0,7060.0
81098,02-May-2025 10:21:23,2025-05-06,81800-CE,81800-CE-02-May-2025 10:21:23,136.54,138800.0
81098,02-May-2025 10:21:23,2025-05-06,81800-PE,81800-PE-02-May-2025 10:21:23,1431.25,4900.0
81098,02-May-2025 10:21:23,2025-05-06,81900-CE,81900-CE-02-May-2025 10:21:23,77.16,104880.0
81098,02-May-2025 10:21:23,2025-05-06,81900-PE,81900-PE-02-May-2025 10:21:23,600.0,2800.0
81098,02-May-2025 10:21:23,2025-05-06,82000-CE,82000-CE-02-May-2025 10:21:23,74.44,643620.0
81098,02-May-2025 10:21:23,2025-05-06,82000-PE,82000-PE-02-May-2025 10:21:23,274.24,31960.0
81095,02-May-2025 10:21:27,2025-05-06,80100-CE,80100-CE-02-May-2025 10:21:27,-23.36,34720.0
81095,02-May-2025 10:21:27,2025-05-06,80100-PE,80100-PE-02-May-2025 10:21:27,153.35,141420.0
81095,02-May-2025 10:21:27,2025-05-06,80200-CE,80200-CE-02-May-2025 10:21:27,-34.76,50180.0
81095,02-May-2025 10:21:27,2025-05-06,80200-PE,80200-PE-02-May-2025 10:21:27,74.58,187220.0
81095,02-May-2025 10:21:27,2025-05-06,80300-CE,80300-CE-02-May-2025 10:21:27,-40.69,89280.0
81095,02-May-2025 10:21:27,2025-05-06,80300-PE,80300-PE-02-May-2025 10:21:27,90.48,264240.0
81095,02-May-2025 10:21:27,2025-05-06,80400-CE,80400-CE-02-May-2025 10:21:27,-31.97,68600.0
81095,02-May-2025 10:21:27,2025-05-06,80400-PE,80400-PE-02-May-2025 10:21:27,98.68,183580.0
81095,02-May-2025 10:21:27,2025-05-06,80500-CE,80500-CE-02-May-2025 10:21:27,-9.51,208920.0
81095,02-May-2025 10:21:27,2025-05-06,80500-PE,80500-PE-02-May-2025 10:21:27,218.18,465300.0
81095,02-May-2025 10:21:27,2025-05-06,80600-CE,80600-CE-02-May-2025 10:21:27,3.22,75100.0
81095,02-May-2025 10:21:27,2025-05-06,80600-PE,80600-PE-02-May-2025 10:21:27,1393.82,261120.0
81095,02-May-2025 10:21:27,2025-05-06,80700-CE,80700-CE-02-May-2025 10:21:27,190.55,112560.0
81095,02-May-2025 10:21:27,2025-05-06,80700-PE,80700-PE-02-May-2025 10:21:27,2526.74,339900.0
81095,02-May-2025 10:21:27,2025-05-06,80800-CE,80800-CE-02-May-2025 10:21:27,71.35,84680.0
81095,02-May-2025 10:21:27,2025-05-06,80800-PE,80800-PE-02-May-2025 10:21:27,1794.29,245500.0
81095,02-May-2025 10:21:27,2025-05-06,80900-CE,80900-CE-02-May-2025 10:21:27,240.03,103640.0
81095,02-May-2025 10:21:27,2025-05-06,80900-PE,80900-PE-02-May-2025 10:21:27,2407.03,192540.0
81095,02-May-2025 10:21:27,2025-05-06,81000-CE,81000-CE-02-May-2025 10:21:27,98.24,411000.0
81095,02-May-2025 10:21:27,2025-05-06,81000-PE,81000-PE-02-May-2025 10:21:27,1696.04,570780.0
81095,02-May-2025 10:21:27,2025-05-06,81100-CE,81100-CE-02-May-2025 10:21:27,295.58,187740.0
81095,02-May-2025 10:21:27,2025-05-06,81100-PE,81100-PE-02-May-2025 10:21:27,5050.22,229700.0
81095,02-May-2025 10:21:27,2025-05-06,81200-CE,81200-CE-02-May-2025 10:21:27,377.25,264780.0
81095,02-May-2025 10:21:27,2025-05-06,81200-PE,81200-PE-02-May-2025 10:21:27,3544.14,161800.0
81095,02-May-2025 10:21:27,2025-05-06,81300-CE,81300-CE-02-May-2025 10:21:27,247.61,209120.0
81095,02-May-2025 10:21:27,2025-05-06,81300-PE,81300-PE-02-May-2025 10:21:27,1506.99,45960.0
81095,02-May-2025 10:21:27,2025-05-06,81400-CE,81400-CE-02-May-2025 10:21:27,125.96,148680.0
81095,02-May-2025 10:21:27,2025-05-06,81400-PE,81400-PE-02-May-2025 10:21:27,1130.69,24860.0
81095,02-May-2025 10:21:27,2025-05-06,81500-CE,81500-CE-02-May-2025 10:21:27,57.3,374440.0
81095,02-May-2025 10:21:27,2025-05-06,81500-PE,81500-PE-02-May-2025 10:21:27,1053.89,77080.0
81095,02-May-2025 10:21:27,2025-05-06,81600-CE,81600-CE-02-May-2025 10:21:27,230.43,149420.0
81095,02-May-2025 10:21:27,2025-05-06,81600-PE,81600-PE-02-May-2025 10:21:27,2004.76,8840.0
81095,02-May-2025 10:21:27,2025-05-06,81700-CE,81700-CE-02-May-2025 10:21:27,98.32,129940.0
81095,02-May-2025 10:21:27,2025-05-06,81700-PE,81700-PE-02-May-2025 10:21:27,3430.0,7060.0
81095,02-May-2025 10:21:27,2025-05-06,81800-CE,81800-CE-02-May-2025 10:21:27,136.54,138800.0
81095,02-May-2025 10:21:27,2025-05-06,81800-PE,81800-PE-02-May-2025 10:21:27,1431.25,4900.0
81095,02-May-2025 10:21:27,2025-05-06,81900-CE,81900-CE-02-May-2025 10:21:27,77.16,104880.0
81095,02-May-2025 10:21:27,2025-05-06,81900-PE,81900-PE-02-May-2025 10:21:27,600.0,2800.0
81095,02-May-2025 10:21:27,2025-05-06,82000-CE,82000-CE-02-May-2025 10:21:27,74.44,643620.0
81095,02-May-2025 10:21:27,2025-05-06,82000-PE,82000-PE-02-May-2025 10:21:27,274.24,31960.0
81087,02-May-2025 10:21:32,2025-05-06,80100-CE,80100-CE-02-May-2025 10:21:32,-23.36,34720.0
81087,02-May-2025 10:21:32,2025-05-06,80100-PE,80100-PE-02-May-2025 10:21:32,153.35,141420.0
81087,02-May-2025 10:21:32,2025-05-06,80200-CE,80200-CE-02-May-2025 10:21:32,-34.76,50180.0
81087,02-May-2025 10:21:32,2025-05-06,80200-PE,80200-PE-02-May-2025 10:21:32,74.58,187220.0
81087,02-May-2025 10:21:32,2025-05-06,80300-CE,80300-CE-02-May-2025 10:21:32,-40.69,89280.0
81087,02-May-2025 10:21:32,2025-05-06,80300-PE,80300-PE-02-May-2025 10:21:32,90.48,264240.0
81087,02-May-2025 10:21:32,2025-05-06,80400-CE,80400-CE-02-May-2025 10:21:32,-31.97,68600.0
81087,02-May-2025 10:21:32,2025-05-06,80400-PE,80400-PE-02-May-2025 10:21:32,98.68,183580.0
81087,02-May-2025 10:21:32,2025-05-06,80500-CE,80500-CE-02-May-2025 10:21:32,-9.51,208920.0
81087,02-May-2025 10:21:32,2025-05-06,80500-PE,80500-PE-02-May-2025 10:21:32,218.18,465300.0
81087,02-May-2025 10:21:32,2025-05-06,80600-CE,80600-CE-02-May-2025 10:21:32,3.22,75100.0
81087,02-May-2025 10:21:32,2025-05-06,80600-PE,80600-PE-02-May-2025 10:21:32,1393.82,261120.0
81087,02-May-2025 10:21:32,2025-05-06,80700-CE,80700-CE-02-May-2025 10:21:32,190.55,112560.0
81087,02-May-2025 10:21:32,2025-05-06,80700-PE,80700-PE-02-May-2025 10:21:32,2526.74,339900.0
81087,02-May-2025 10:21:32,2025-05-06,80800-CE,80800-CE-02-May-2025 10:21:32,71.35,84680.0
81087,02-May-2025 10:21:32,2025-05-06,80800-PE,80800-PE-02-May-2025 10:21:32,1794.29,245500.0
81087,02-May-2025 10:21:32,2025-05-06,80900-CE,80900-CE-02-May-2025 10:21:32,240.03,103640.0
81087,02-May-2025 10:21:32,2025-05-06,80900-PE,80900-PE-02-May-2025 10:21:32,2407.03,192540.0
81087,02-May-2025 10:21:32,2025-05-06,81000-CE,81000-CE-02-May-2025 10:21:32,98.24,411000.0
81087,02-May-2025 10:21:32,2025-05-06,81000-PE,81000-PE-02-May-2025 10:21:32,1696.04,570780.0
81087,02-May-2025 10:21:32,2025-05-06,81100-CE,81100-CE-02-May-2025 10:21:32,295.58,187740.0
81087,02-May-2025 10:21:32,2025-05-06,81100-PE,81100-PE-02-May-2025 10:21:32,5050.22,229700.0
81087,02-May-2025 10:21:32,2025-05-06,81200-CE,81200-CE-02-May-2025 10:21:32,377.25,264780.0
81087,02-May-2025 10:21:32,2025-05-06,81200-PE,81200-PE-02-May-2025 10:21:32,3544.14,161800.0
81087,02-May-2025 10:21:32,2025-05-06,81300-CE,81300-CE-02-May-2025 10:21:32,247.61,209120.0
81087,02-May-2025 10:21:32,2025-05-06,81300-PE,81300-PE-02-May-2025 10:21:32,1506.99,45960.0
81087,02-May-2025 10:21:32,2025-05-06,81400-CE,81400-CE-02-May-2025 10:21:32,125.96,148680.0
81087,02-May-2025 10:21:32,2025-05-06,81400-PE,81400-PE-02-May-2025 10:21:32,1130.69,24860.0
81087,02-May-2025 10:21:32,2025-05-06,81500-CE,81500-CE-02-May-2025 10:21:32,57.3,374440.0
81087,02-May-2025 10:21:32,2025-05-06,81500-PE,81500-PE-02-May-2025 10:21:32,1053.89,77080.0
81087,02-May-2025 10:21:32,2025-05-06,81600-CE,81600-CE-02-May-2025 10:21:32,230.43,149420.0
81087,02-May-2025 10:21:32,2025-05-06,81600-PE,81600-PE-02-May-2025 10:21:32,2004.76,8840.0
81087,02-May-2025 10:21:32,2025-05-06,81700-CE,81700-CE-02-May-2025 10:21:32,98.32,129940.0
81087,02-May-2025 10:21:32,2025-05-06,81700-PE,81700-PE-02-May-2025 10:21:32,3430.0,7060.0
81087,02-May-2025 10:21:32,2025-05-06,81800-CE,81800-CE-02-May-2025 10:21:32,136.54,138800.0
81087,02-May-2025 10:21:32,2025-05-06,81800-PE,81800-PE-02-May-2025 10:21:32,1431.25,4900.0
81087,02-May-2025 10:21:32,2025-05-06,81900-CE,81900-CE-02-May-2025 10:21:32,77.16,104880.0
81087,02-May-2025 10:21:32,2025-05-06,81900-PE,81900-PE-02-May-2025 10:21:32,600.0,2800.0
81087,02-May-2025 10:21:32,2025-05-06,82000-CE,82000-CE-02-May-2025 10:21:32,74.44,643620.0
81087,02-May-2025 10:21:32,2025-05-06,82000-PE,82000-PE-02-May-2025 10:21:32,274.24,31960.0
81081,02-May-2025 10:21:36,2025-05-06,80100-CE,80100-CE-02-May-2025 10:21:36,-23.36,34720.0
81081,02-May-2025 10:21:36,2025-05-06,80100-PE,80100-PE-02-May-2025 10:21:36,153.35,141420.0
81081,02-May-2025 10:21:36,2025-05-06,80200-CE,80200-CE-02-May-2025 10:21:36,-34.76,50180.0
81081,02-May-2025 10:21:36,2025-05-06,80200-PE,80200-PE-02-May-2025 10:21:36,74.58,187220.0
81081,02-May-2025 10:21:36,2025-05-06,80300-CE,80300-CE-02-May-2025 10:21:36,-40.69,89280.0
81081,02-May-2025 10:21:36,2025-05-06,80300-PE,80300-PE-02-May-2025 10:21:36,90.48,264240.0
81081,02-May-2025 10:21:36,2025-05-06,80400-CE,80400-CE-02-May-2025 10:21:36,-31.97,68600.0
81081,02-May-2025 10:21:36,2025-05-06,80400-PE,80400-PE-02-May-2025 10:21:36,98.68,183580.0
81081,02-May-2025 10:21:36,2025-05-06,80500-CE,80500-CE-02-May-2025 10:21:36,-9.51,208920.0
81081,02-May-2025 10:21:36,2025-05-06,80500-PE,80500-PE-02-May-2025 10:21:36,218.18,465300.0
81081,02-May-2025 10:21:36,2025-05-06,80600-CE,80600-CE-02-May-2025 10:21:36,3.22,75100.0
81081,02-May-2025 10:21:36,2025-05-06,80600-PE,80600-PE-02-May-2025 10:21:36,1393.82,261120.0
81081,02-May-2025 10:21:36,2025-05-06,80700-CE,80700-CE-02-May-2025 10:21:36,190.55,112560.0
81081,02-May-2025 10:21:36,2025-05-06,80700-PE,80700-PE-02-May-2025 10:21:36,2526.74,339900.0
81081,02-May-2025 10:21:36,2025-05-06,80800-CE,80800-CE-02-May-2025 10:21:36,71.35,84680.0
81081,02-May-2025 10:21:36,2025-05-06,80800-PE,80800-PE-02-May-2025 10:21:36,1794.29,245500.0
81081,02-May-2025 10:21:36,2025-05-06,80900-CE,80900-CE-02-May-2025 10:21:36,240.03,103640.0
81081,02-May-2025 10:21:36,2025-05-06,80900-PE,80900-PE-02-May-2025 10:21:36,2407.03,192540.0
81081,02-May-2025 10:21:36,2025-05-06,81000-CE,81000-CE-02-May-2025 10:21:36,98.24,411000.0
81081,02-May-2025 10:21:36,2025-05-06,81000-PE,81000-PE-02-May-2025 10:21:36,1696.04,570780.0
81081,02-May-2025 10:21:36,2025-05-06,81100-CE,81100-CE-02-May-2025 10:21:36,295.58,187740.0
81081,02-May-2025 10:21:36,2025-05-06,81100-PE,81100-PE-02-May-2025 10:21:36,5050.22,229700.0
81081,02-May-2025 10:21:36,2025-05-06,81200-CE,81200-CE-02-May-2025 10:21:36,377.25,264780.0
81081,02-May-2025 10:21:36,2025-05-06,81200-PE,81200-PE-02-May-2025 10:21:36,3544.14,161800.0
81081,02-May-2025 10:21:36,2025-05-06,81300-CE,81300-CE-02-May-2025 10:21:36,247.61,209120.0
81081,02-May-2025 10:21:36,2025-05-06,81300-PE,81300-PE-02-May-2025 10:21:36,1506.99,45960.0
81081,02-May-2025 10:21:36,2025-05-06,81400-CE,81400-CE-02-May-2025 10:21:36,125.96,148680.0
81081,02-May-2025 10:21:36,2025-05-06,81400-PE,81400-PE-02-May-2025 10:21:36,1130.69,24860.0
81081,02-May-2025 10:21:36,2025-05-06,81500-CE,81500-CE-02-May-2025 10:21:36,57.3,374440.0
81081,02-May-2025 10:21:36,2025-05-06,81500-PE,81500-PE-02-May-2025 10:21:36,1053.89,77080.0
81081,02-May-2025 10:21:36,2025-05-06,81600-CE,81600-CE-02-May-2025 10:21:36,230.43,149420.0
81081,02-May-2025 10:21:36,2025-05-06,81600-PE,81600-PE-02-May-2025 10:21:36,2004.76,8840.0
81081,02-May-2025 10:21:36,2025-05-06,81700-CE,81700-CE-02-May-2025 10:21:36,98.32,129940.0
81081,02-May-2025 10:21:36,2025-05-06,81700-PE,81700-PE-02-May-2025 10:21:36,3430.0,7060.0
81081,02-May-2025 10:21:36,2025-05-06,81800-CE,81800-CE-02-May-2025 10:21:36,136.54,138800.0
81081,02-May-2025 10:21:36,2025-05-06,81800-PE,81800-PE-02-May-2025 10:21:36,1431.25,4900.0
81081,02-May-2025 10:21:36,2025-05-06,81900-CE,81900-CE-02-May-2025 10:21:36,77.16,104880.0
81081,02-May-2025 10:21:36,2025-05-06,81900-PE,81900-PE-02-May-2025 10:21:36,600.0,2800.0
81081,02-May-2025 10:21:36,2025-05-06,82000-CE,82000-CE-02-May-2025 10:21:36,74.44,643620.0
81081,02-May-2025 10:21:36,2025-05-06,82000-PE,82000-PE-02-May-2025 10:21:36,274.24,31960.0
81056,02-May-2025 10:21:41,2025-05-06,80100-CE,80100-CE-02-May-2025 10:21:41,-23.36,34720.0
81056,02-May-2025 10:21:41,2025-05-06,80100-PE,80100-PE-02-May-2025 10:21:41,153.35,141420.0
81056,02-May-2025 10:21:41,2025-05-06,80200-CE,80200-CE-02-May-2025 10:21:41,-34.76,50180.0
81056,02-May-2025 10:21:41,2025-05-06,80200-PE,80200-PE-02-May-2025 10:21:41,74.58,187220.0
81056,02-May-2025 10:21:41,2025-05-06,80300-CE,80300-CE-02-May-2025 10:21:41,-40.69,89280.0
81056,02-May-2025 10:21:41,2025-05-06,80300-PE,80300-PE-02-May-2025 10:21:41,90.48,264240.0
81056,02-May-2025 10:21:41,2025-05-06,80400-CE,80400-CE-02-May-2025 10:21:41,-31.97,68600.0
81056,02-May-2025 10:21:41,2025-05-06,80400-PE,80400-PE-02-May-2025 10:21:41,98.68,183580.0
81056,02-May-2025 10:21:41,2025-05-06,80500-CE,80500-CE-02-May-2025 10:21:41,-9.51,208920.0
81056,02-May-2025 10:21:41,2025-05-06,80500-PE,80500-PE-02-May-2025 10:21:41,218.18,465300.0
81056,02-May-2025 10:21:41,2025-05-06,80600-CE,80600-CE-02-May-2025 10:21:41,3.22,75100.0
81056,02-May-2025 10:21:41,2025-05-06,80600-PE,80600-PE-02-May-2025 10:21:41,1393.82,261120.0
81056,02-May-2025 10:21:41,2025-05-06,80700-CE,80700-CE-02-May-2025 10:21:41,190.55,112560.0
81056,02-May-2025 10:21:41,2025-05-06,80700-PE,80700-PE-02-May-2025 10:21:41,2526.74,339900.0
81056,02-May-2025 10:21:41,2025-05-06,80800-CE,80800-CE-02-May-2025 10:21:41,71.35,84680.0
81056,02-May-2025 10:21:41,2025-05-06,80800-PE,80800-PE-02-May-2025 10:21:41,1794.29,245500.0
81056,02-May-2025 10:21:41,2025-05-06,80900-CE,80900-CE-02-May-2025 10:21:41,240.03,103640.0
81056,02-May-2025 10:21:41,2025-05-06,80900-PE,80900-PE-02-May-2025 10:21:41,2407.03,192540.0
81056,02-May-2025 10:21:41,2025-05-06,81000-CE,81000-CE-02-May-2025 10:21:41,98.24,411000.0
81056,02-May-2025 10:21:41,2025-05-06,81000-PE,81000-PE-02-May-2025 10:21:41,1696.04,570780.0
81056,02-May-2025 10:21:41,2025-05-06,81100-CE,81100-CE-02-May-2025 10:21:41,295.58,187740.0
81056,02-May-2025 10:21:41,2025-05-06,81100-PE,81100-PE-02-May-2025 10:21:41,5050.22,229700.0
81056,02-May-2025 10:21:41,2025-05-06,81200-CE,81200-CE-02-May-2025 10:21:41,377.25,264780.0
81056,02-May-2025 10:21:41,2025-05-06,81200-PE,81200-PE-02-May-2025 10:21:41,3544.14,161800.0
81056,02-May-2025 10:21:41,2025-05-06,81300-CE,81300-CE-02-May-2025 10:21:41,247.61,209120.0
81056,02-May-2025 10:21:41,2025-05-06,81300-PE,81300-PE-02-May-2025 10:21:41,1506.99,45960.0
81056,02-May-2025 10:21:41,2025-05-06,81400-CE,81400-CE-02-May-2025 10:21:41,125.96,148680.0
81056,02-May-2025 10:21:41,2025-05-06,81400-PE,81400-PE-02-May-2025 10:21:41,1130.69,24860.0
81056,02-May-2025 10:21:41,2025-05-06,81500-CE,81500-CE-02-May-2025 10:21:41,57.3,374440.0
81056,02-May-2025 10:21:41,2025-05-06,81500-PE,81500-PE-02-May-2025 10:21:41,1053.89,77080.0
81056,02-May-2025 10:21:41,2025-05-06,81600-CE,81600-CE-02-May-2025 10:21:41,230.43,149420.0
81056,02-May-2025 10:21:41,2025-05-06,81600-PE,81600-PE-02-May-2025 10:21:41,2004.76,8840.0
81056,02-May-2025 10:21:41,2025-05-06,81700-CE,81700-CE-02-May-2025 10:21:41,98.32,129940.0
81056,02-May-2025 10:21:41,2025-05-06,81700-PE,81700-PE-02-May-2025 10:21:41,3430.0,7060.0
81056,02-May-2025 10:21:41,2025-05-06,81800-CE,81800-CE-02-May-2025 10:21:41,136.54,138800.0
81056,02-May-2025 10:21:41,2025-05-06,81800-PE,81800-PE-02-May-2025 10:21:41,1431.25,4900.0
81056,02-May-2025 10:21:41,2025-05-06,81900-CE,81900-CE-02-May-2025 10:21:41,77.16,104880.0
81056,02-May-2025 10:21:41,2025-05-06,81900-PE,81900-PE-02-May-2025 10:21:41,600.0,2800.0
81056,02-May-2025 10:21:41,2025-05-06,82000-CE,82000-CE-02-May-2025 10:21:41,74.44,643620.0
81056,02-May-2025 10:21:41,2025-05-06,82000-PE,82000-PE-02-May-2025 10:21:41,274.24,31960.0
81055,02-May-2025 10:21:45,2025-05-06,80100-CE,80100-CE-02-May-2025 10:21:45,-23.36,34720.0
81055,02-May-2025 10:21:45,2025-05-06,80100-PE,80100-PE-02-May-2025 10:21:45,153.35,141420.0
81055,02-May-2025 10:21:45,2025-05-06,80200-CE,80200-CE-02-May-2025 10:21:45,-34.76,50180.0
81055,02-May-2025 10:21:45,2025-05-06,80200-PE,80200-PE-02-May-2025 10:21:45,74.58,187220.0
81055,02-May-2025 10:21:45,2025-05-06,80300-CE,80300-CE-02-May-2025 10:21:45,-40.69,89280.0
81055,02-May-2025 10:21:45,2025-05-06,80300-PE,80300-PE-02-May-2025 10:21:45,90.48,264240.0
81055,02-May-2025 10:21:45,2025-05-06,80400-CE,80400-CE-02-May-2025 10:21:45,-31.97,68600.0
81055,02-May-2025 10:21:45,2025-05-06,80400-PE,80400-PE-02-May-2025 10:21:45,98.68,183580.0
81055,02-May-2025 10:21:45,2025-05-06,80500-CE,80500-CE-02-May-2025 10:21:45,-9.51,208920.0
81055,02-May-2025 10:21:45,2025-05-06,80500-PE,80500-PE-02-May-2025 10:21:45,218.18,465300.0
81055,02-May-2025 10:21:45,2025-05-06,80600-CE,80600-CE-02-May-2025 10:21:45,3.22,75100.0
81055,02-May-2025 10:21:45,2025-05-06,80600-PE,80600-PE-02-May-2025 10:21:45,1393.82,261120.0
81055,02-May-2025 10:21:45,2025-05-06,80700-CE,80700-CE-02-May-2025 10:21:45,190.55,112560.0
81055,02-May-2025 10:21:45,2025-05-06,80700-PE,80700-PE-02-May-2025 10:21:45,2526.74,339900.0
81055,02-May-2025 10:21:45,2025-05-06,80800-CE,80800-CE-02-May-2025 10:21:45,71.35,84680.0
81055,02-May-2025 10:21:45,2025-05-06,80800-PE,80800-PE-02-May-2025 10:21:45,1794.29,245500.0
81055,02-May-2025 10:21:45,2025-05-06,80900-CE,80900-CE-02-May-2025 10:21:45,240.03,103640.0
81055,02-May-2025 10:21:45,2025-05-06,80900-PE,80900-PE-02-May-2025 10:21:45,2407.03,192540.0
81055,02-May-2025 10:21:45,2025-05-06,81000-CE,81000-CE-02-May-2025 10:21:45,98.24,411000.0
81055,02-May-2025 10:21:45,2025-05-06,81000-PE,81000-PE-02-May-2025 10:21:45,1696.04,570780.0
81055,02-May-2025 10:21:45,2025-05-06,81100-CE,81100-CE-02-May-2025 10:21:45,295.58,187740.0
81055,02-May-2025 10:21:45,2025-05-06,81100-PE,81100-PE-02-May-2025 10:21:45,5050.22,229700.0
81055,02-May-2025 10:21:45,2025-05-06,81200-CE,81200-CE-02-May-2025 10:21:45,377.25,264780.0
81055,02-May-2025 10:21:45,2025-05-06,81200-PE,81200-PE-02-May-2025 10:21:45,3544.14,161800.0
81055,02-May-2025 10:21:45,2025-05-06,81300-CE,81300-CE-02-May-2025 10:21:45,247.61,209120.0
81055,02-May-2025 10:21:45,2025-05-06,81300-PE,81300-PE-02-May-2025 10:21:45,1506.99,45960.0
81055,02-May-2025 10:21:45,2025-05-06,81400-CE,81400-CE-02-May-2025 10:21:45,125.96,148680.0
81055,02-May-2025 10:21:45,2025-05-06,81400-PE,81400-PE-02-May-2025 10:21:45,1130.69,24860.0
81055,02-May-2025 10:21:45,2025-05-06,81500-CE,81500-CE-02-May-2025 10:21:45,57.3,374440.0
81055,02-May-2025 10:21:45,2025-05-06,81500-PE,81500-PE-02-May-2025 10:21:45,1053.89,77080.0
81055,02-May-2025 10:21:45,2025-05-06,81600-CE,81600-CE-02-May-2025 10:21:45,230.43,149420.0
81055,02-May-2025 10:21:45,2025-05-06,81600-PE,81600-PE-02-May-2025 10:21:45,2004.76,8840.0
81055,02-May-2025 10:21:45,2025-05-06,81700-CE,81700-CE-02-May-2025 10:21:45,98.32,129940.0
81055,02-May-2025 10:21:45,2025-05-06,81700-PE,81700-PE-02-May-2025 10:21:45,3430.0,7060.0
81055,02-May-2025 10:21:45,2025-05-06,81800-CE,81800-CE-02-May-2025 10:21:45,136.54,138800.0
81055,02-May-2025 10:21:45,2025-05-06,81800-PE,81800-PE-02-May-2025 10:21:45,1431.25,4900.0
81055,02-May-2025 10:21:45,2025-05-06,81900-CE,81900-CE-02-May-2025 10:21:45,77.16,104880.0
81055,02-May-2025 10:21:45,2025-05-06,81900-PE,81900-PE-02-May-2025 10:21:45,600.0,2800.0
81055,02-May-2025 10:21:45,2025-05-06,82000-CE,82000-CE-02-May-2025 10:21:45,74.44,643620.0
81055,02-May-2025 10:21:45,2025-05-06,82000-PE,82000-PE-02-May-2025 10:21:45,274.24,31960.0
81058,02-May-2025 10:21:49,2025-05-06,80100-CE,80100-CE-02-May-2025 10:21:49,-23.36,34720.0
81058,02-May-2025 10:21:49,2025-05-06,80100-PE,80100-PE-02-May-2025 10:21:49,153.35,141420.0
81058,02-May-2025 10:21:49,2025-05-06,80200-CE,80200-CE-02-May-2025 10:21:49,-34.76,50180.0
81058,02-May-2025 10:21:49,2025-05-06,80200-PE,80200-PE-02-May-2025 10:21:49,74.58,187220.0
81058,02-May-2025 10:21:49,2025-05-06,80300-CE,80300-CE-02-May-2025 10:21:49,-40.69,89280.0
81058,02-May-2025 10:21:49,2025-05-06,80300-PE,80300-PE-02-May-2025 10:21:49,90.48,264240.0
81058,02-May-2025 10:21:49,2025-05-06,80400-CE,80400-CE-02-May-2025 10:21:49,-31.97,68600.0
81058,02-May-2025 10:21:49,2025-05-06,80400-PE,80400-PE-02-May-2025 10:21:49,98.68,183580.0
81058,02-May-2025 10:21:49,2025-05-06,80500-CE,80500-CE-02-May-2025 10:21:49,-9.51,208920.0
81058,02-May-2025 10:21:49,2025-05-06,80500-PE,80500-PE-02-May-2025 10:21:49,218.18,465300.0
81058,02-May-2025 10:21:49,2025-05-06,80600-CE,80600-CE-02-May-2025 10:21:49,3.22,75100.0
81058,02-May-2025 10:21:49,2025-05-06,80600-PE,80600-PE-02-May-2025 10:21:49,1393.82,261120.0
81058,02-May-2025 10:21:49,2025-05-06,80700-CE,80700-CE-02-May-2025 10:21:49,190.55,112560.0
81058,02-May-2025 10:21:49,2025-05-06,80700-PE,80700-PE-02-May-2025 10:21:49,2526.74,339900.0
81058,02-May-2025 10:21:49,2025-05-06,80800-CE,80800-CE-02-May-2025 10:21:49,71.35,84680.0
81058,02-May-2025 10:21:49,2025-05-06,80800-PE,80800-PE-02-May-2025 10:21:49,1794.29,245500.0
81058,02-May-2025 10:21:49,2025-05-06,80900-CE,80900-CE-02-May-2025 10:21:49,240.03,103640.0
81058,02-May-2025 10:21:49,2025-05-06,80900-PE,80900-PE-02-May-2025 10:21:49,2407.03,192540.0
81058,02-May-2025 10:21:49,2025-05-06,81000-CE,81000-CE-02-May-2025 10:21:49,98.24,411000.0
81058,02-May-2025 10:21:49,2025-05-06,81000-PE,81000-PE-02-May-2025 10:21:49,1696.04,570780.0
81058,02-May-2025 10:21:49,2025-05-06,81100-CE,81100-CE-02-May-2025 10:21:49,295.58,187740.0
81058,02-May-2025 10:21:49,2025-05-06,81100-PE,81100-PE-02-May-2025 10:21:49,5050.22,229700.0
81058,02-May-2025 10:21:49,2025-05-06,81200-CE,81200-CE-02-May-2025 10:21:49,377.25,264780.0
81058,02-May-2025 10:21:49,2025-05-06,81200-PE,81200-PE-02-May-2025 10:21:49,3544.14,161800.0
81058,02-May-2025 10:21:49,2025-05-06,81300-CE,81300-CE-02-May-2025 10:21:49,247.61,209120.0
81058,02-May-2025 10:21:49,2025-05-06,81300-PE,81300-PE-02-May-2025 10:21:49,1506.99,45960.0
81058,02-May-2025 10:21:49,2025-05-06,81400-CE,81400-CE-02-May-2025 10:21:49,125.96,148680.0
81058,02-May-2025 10:21:49,2025-05-06,81400-PE,81400-PE-02-May-2025 10:21:49,1130.69,24860.0
81058,02-May-2025 10:21:49,2025-05-06,81500-CE,81500-CE-02-May-2025 10:21:49,57.3,374440.0
81058,02-May-2025 10:21:49,2025-05-06,81500-PE,81500-PE-02-May-2025 10:21:49,1053.89,77080.0
81058,02-May-2025 10:21:49,2025-05-06,81600-CE,81600-CE-02-May-2025 10:21:49,230.43,149420.0
81058,02-May-2025 10:21:49,2025-05-06,81600-PE,81600-PE-02-May-2025 10:21:49,2004.76,8840.0
81058,02-May-2025 10:21:49,2025-05-06,81700-CE,81700-CE-02-May-2025 10:21:49,98.32,129940.0
81058,02-May-2025 10:21:49,2025-05-06,81700-PE,81700-PE-02-May-2025 10:21:49,3430.0,7060.0
81058,02-May-2025 10:21:49,2025-05-06,81800-CE,81800-CE-02-May-2025 10:21:49,136.54,138800.0
81058,02-May-2025 10:21:49,2025-05-06,81800-PE,81800-PE-02-May-2025 10:21:49,1431.25,4900.0
81058,02-May-2025 10:21:49,2025-05-06,81900-CE,81900-CE-02-May-2025 10:21:49,77.16,104880.0
81058,02-May-2025 10:21:49,2025-05-06,81900-PE,81900-PE-02-May-2025 10:21:49,600.0,2800.0
81058,02-May-2025 10:21:49,2025-05-06,82000-CE,82000-CE-02-May-2025 10:21:49,74.44,643620.0
81058,02-May-2025 10:21:49,2025-05-06,82000-PE,82000-PE-02-May-2025 10:21:49,274.24,31960.0
81060,02-May-2025 10:21:54,2025-05-06,80100-CE,80100-CE-02-May-2025 10:21:54,-23.36,34720.0
81060,02-May-2025 10:21:54,2025-05-06,80100-PE,80100-PE-02-May-2025 10:21:54,153.35,141420.0
81060,02-May-2025 10:21:54,2025-05-06,80200-CE,80200-CE-02-May-2025 10:21:54,-34.76,50180.0
81060,02-May-2025 10:21:54,2025-05-06,80200-PE,80200-PE-02-May-2025 10:21:54,74.58,187220.0
81060,02-May-2025 10:21:54,2025-05-06,80300-CE,80300-CE-02-May-2025 10:21:54,-40.69,89280.0
81060,02-May-2025 10:21:54,2025-05-06,80300-PE,80300-PE-02-May-2025 10:21:54,90.48,264240.0
81060,02-May-2025 10:21:54,2025-05-06,80400-CE,80400-CE-02-May-2025 10:21:54,-31.97,68600.0
81060,02-May-2025 10:21:54,2025-05-06,80400-PE,80400-PE-02-May-2025 10:21:54,98.68,183580.0
81060,02-May-2025 10:21:54,2025-05-06,80500-CE,80500-CE-02-May-2025 10:21:54,-9.51,208920.0
81060,02-May-2025 10:21:54,2025-05-06,80500-PE,80500-PE-02-May-2025 10:21:54,218.18,465300.0
81060,02-May-2025 10:21:54,2025-05-06,80600-CE,80600-CE-02-May-2025 10:21:54,3.22,75100.0
81060,02-May-2025 10:21:54,2025-05-06,80600-PE,80600-PE-02-May-2025 10:21:54,1393.82,261120.0
81060,02-May-2025 10:21:54,2025-05-06,80700-CE,80700-CE-02-May-2025 10:21:54,190.55,112560.0
81060,02-May-2025 10:21:54,2025-05-06,80700-PE,80700-PE-02-May-2025 10:21:54,2526.74,339900.0
81060,02-May-2025 10:21:54,2025-05-06,80800-CE,80800-CE-02-May-2025 10:21:54,71.35,84680.0
81060,02-May-2025 10:21:54,2025-05-06,80800-PE,80800-PE-02-May-2025 10:21:54,1794.29,245500.0
81060,02-May-2025 10:21:54,2025-05-06,80900-CE,80900-CE-02-May-2025 10:21:54,240.03,103640.0
81060,02-May-2025 10:21:54,2025-05-06,80900-PE,80900-PE-02-May-2025 10:21:54,2407.03,192540.0
81060,02-May-2025 10:21:54,2025-05-06,81000-CE,81000-CE-02-May-2025 10:21:54,98.24,411000.0
81060,02-May-2025 10:21:54,2025-05-06,81000-PE,81000-PE-02-May-2025 10:21:54,1696.04,570780.0
81060,02-May-2025 10:21:54,2025-05-06,81100-CE,81100-CE-02-May-2025 10:21:54,295.58,187740.0
81060,02-May-2025 10:21:54,2025-05-06,81100-PE,81100-PE-02-May-2025 10:21:54,5050.22,229700.0
81060,02-May-2025 10:21:54,2025-05-06,81200-CE,81200-CE-02-May-2025 10:21:54,377.25,264780.0
81060,02-May-2025 10:21:54,2025-05-06,81200-PE,81200-PE-02-May-2025 10:21:54,3544.14,161800.0
81060,02-May-2025 10:21:55,2025-05-06,81300-CE,81300-CE-02-May-2025 10:21:55,247.61,209120.0
81060,02-May-2025 10:21:55,2025-05-06,81300-PE,81300-PE-02-May-2025 10:21:55,1506.99,45960.0
81060,02-May-2025 10:21:55,2025-05-06,81400-CE,81400-CE-02-May-2025 10:21:55,125.96,148680.0
81060,02-May-2025 10:21:55,2025-05-06,81400-PE,81400-PE-02-May-2025 10:21:55,1130.69,24860.0
81060,02-May-2025 10:21:55,2025-05-06,81500-CE,81500-CE-02-May-2025 10:21:55,57.3,374440.0
81060,02-May-2025 10:21:55,2025-05-06,81500-PE,81500-PE-02-May-2025 10:21:55,1053.89,77080.0
81060,02-May-2025 10:21:55,2025-05-06,81600-CE,81600-CE-02-May-2025 10:21:55,230.43,149420.0
81060,02-May-2025 10:21:55,2025-05-06,81600-PE,81600-PE-02-May-2025 10:21:55,2004.76,8840.0
81060,02-May-2025 10:21:55,2025-05-06,81700-CE,81700-CE-02-May-2025 10:21:55,98.32,129940.0
81060,02-May-2025 10:21:55,2025-05-06,81700-PE,81700-PE-02-May-2025 10:21:55,3430.0,7060.0
81060,02-May-2025 10:21:55,2025-05-06,81800-CE,81800-CE-02-May-2025 10:21:55,136.54,138800.0
81060,02-May-2025 10:21:55,2025-05-06,81800-PE,81800-PE-02-May-2025 10:21:55,1431.25,4900.0
81060,02-May-2025 10:21:55,2025-05-06,81900-CE,81900-CE-02-May-2025 10:21:55,77.16,104880.0
81060,02-May-2025 10:21:55,2025-05-06,81900-PE,81900-PE-02-May-2025 10:21:55,600.0,2800.0
81060,02-May-2025 10:21:55,2025-05-06,82000-CE,82000-CE-02-May-2025 10:21:55,74.44,643620.0
81060,02-May-2025 10:21:55,2025-05-06,82000-PE,82000-PE-02-May-2025 10:21:55,274.24,31960.0
81052,02-May-2025 10:21:58,2025-05-06,80100-CE,80100-CE-02-May-2025 10:21:58,-23.36,34720.0
81052,02-May-2025 10:21:58,2025-05-06,80100-PE,80100-PE-02-May-2025 10:21:58,153.35,141420.0
81052,02-May-2025 10:21:58,2025-05-06,80200-CE,80200-CE-02-May-2025 10:21:58,-34.76,50180.0
81052,02-May-2025 10:21:58,2025-05-06,80200-PE,80200-PE-02-May-2025 10:21:58,74.58,187220.0
81052,02-May-2025 10:21:58,2025-05-06,80300-CE,80300-CE-02-May-2025 10:21:58,-40.69,89280.0
81052,02-May-2025 10:21:58,2025-05-06,80300-PE,80300-PE-02-May-2025 10:21:58,90.48,264240.0
81052,02-May-2025 10:21:58,2025-05-06,80400-CE,80400-CE-02-May-2025 10:21:58,-31.97,68600.0
81052,02-May-2025 10:21:58,2025-05-06,80400-PE,80400-PE-02-May-2025 10:21:58,98.68,183580.0
81052,02-May-2025 10:21:58,2025-05-06,80500-CE,80500-CE-02-May-2025 10:21:58,-9.51,208920.0
81052,02-May-2025 10:21:58,2025-05-06,80500-PE,80500-PE-02-May-2025 10:21:58,218.18,465300.0
81052,02-May-2025 10:21:58,2025-05-06,80600-CE,80600-CE-02-May-2025 10:21:58,3.22,75100.0
81052,02-May-2025 10:21:58,2025-05-06,80600-PE,80600-PE-02-May-2025 10:21:58,1393.82,261120.0
81052,02-May-2025 10:21:58,2025-05-06,80700-CE,80700-CE-02-May-2025 10:21:58,190.55,112560.0
81052,02-May-2025 10:21:58,2025-05-06,80700-PE,80700-PE-02-May-2025 10:21:58,2526.74,339900.0
81052,02-May-2025 10:21:58,2025-05-06,80800-CE,80800-CE-02-May-2025 10:21:58,71.35,84680.0
81052,02-May-2025 10:21:58,2025-05-06,80800-PE,80800-PE-02-May-2025 10:21:58,1794.29,245500.0
81052,02-May-2025 10:21:58,2025-05-06,80900-CE,80900-CE-02-May-2025 10:21:58,240.03,103640.0
81052,02-May-2025 10:21:58,2025-05-06,80900-PE,80900-PE-02-May-2025 10:21:58,2407.03,192540.0
81052,02-May-2025 10:21:58,2025-05-06,81000-CE,81000-CE-02-May-2025 10:21:58,98.24,411000.0
81052,02-May-2025 10:21:58,2025-05-06,81000-PE,81000-PE-02-May-2025 10:21:58,1696.04,570780.0
81052,02-May-2025 10:21:58,2025-05-06,81100-CE,81100-CE-02-May-2025 10:21:58,295.58,187740.0
81052,02-May-2025 10:21:58,2025-05-06,81100-PE,81100-PE-02-May-2025 10:21:58,5050.22,229700.0
81052,02-May-2025 10:21:58,2025-05-06,81200-CE,81200-CE-02-May-2025 10:21:58,377.25,264780.0
81052,02-May-2025 10:21:58,2025-05-06,81200-PE,81200-PE-02-May-2025 10:21:58,3544.14,161800.0
81052,02-May-2025 10:21:58,2025-05-06,81300-CE,81300-CE-02-May-2025 10:21:58,247.61,209120.0
81052,02-May-2025 10:21:58,2025-05-06,81300-PE,81300-PE-02-May-2025 10:21:58,1506.99,45960.0
81052,02-May-2025 10:21:58,2025-05-06,81400-CE,81400-CE-02-May-2025 10:21:58,125.96,148680.0
81052,02-May-2025 10:21:58,2025-05-06,81400-PE,81400-PE-02-May-2025 10:21:58,1130.69,24860.0
81052,02-May-2025 10:21:58,2025-05-06,81500-CE,81500-CE-02-May-2025 10:21:58,57.3,374440.0
81052,02-May-2025 10:21:58,2025-05-06,81500-PE,81500-PE-02-May-2025 10:21:58,1053.89,77080.0
81052,02-May-2025 10:21:58,2025-05-06,81600-CE,81600-CE-02-May-2025 10:21:58,230.43,149420.0
81052,02-May-2025 10:21:58,2025-05-06,81600-PE,81600-PE-02-May-2025 10:21:58,2004.76,8840.0
81052,02-May-2025 10:21:58,2025-05-06,81700-CE,81700-CE-02-May-2025 10:21:58,98.32,129940.0
81052,02-May-2025 10:21:58,2025-05-06,81700-PE,81700-PE-02-May-2025 10:21:58,3430.0,7060.0
81052,02-May-2025 10:21:59,2025-05-06,81800-CE,81800-CE-02-May-2025 10:21:59,136.54,138800.0
81052,02-May-2025 10:21:59,2025-05-06,81800-PE,81800-PE-02-May-2025 10:21:59,1431.25,4900.0
81052,02-May-2025 10:21:59,2025-05-06,81900-CE,81900-CE-02-May-2025 10:21:59,77.16,104880.0
81052,02-May-2025 10:21:59,2025-05-06,81900-PE,81900-PE-02-May-2025 10:21:59,600.0,2800.0
81052,02-May-2025 10:21:59,2025-05-06,82000-CE,82000-CE-02-May-2025 10:21:59,74.44,643620.0
81052,02-May-2025 10:21:59,2025-05-06,82000-PE,82000-PE-02-May-2025 10:21:59,274.24,31960.0
81052,02-May-2025 10:22:02,2025-05-06,80100-CE,80100-CE-02-May-2025 10:22:02,-23.36,34720.0
81052,02-May-2025 10:22:02,2025-05-06,80100-PE,80100-PE-02-May-2025 10:22:02,153.35,141420.0
81052,02-May-2025 10:22:02,2025-05-06,80200-CE,80200-CE-02-May-2025 10:22:02,-34.76,50180.0
81052,02-May-2025 10:22:02,2025-05-06,80200-PE,80200-PE-02-May-2025 10:22:02,74.58,187220.0
81052,02-May-2025 10:22:02,2025-05-06,80300-CE,80300-CE-02-May-2025 10:22:02,-40.69,89280.0
81052,02-May-2025 10:22:02,2025-05-06,80300-PE,80300-PE-02-May-2025 10:22:02,90.48,264240.0
81052,02-May-2025 10:22:02,2025-05-06,80400-CE,80400-CE-02-May-2025 10:22:02,-31.97,68600.0
81052,02-May-2025 10:22:02,2025-05-06,80400-PE,80400-PE-02-May-2025 10:22:02,98.68,183580.0
81052,02-May-2025 10:22:02,2025-05-06,80500-CE,80500-CE-02-May-2025 10:22:02,-9.51,208920.0
81052,02-May-2025 10:22:02,2025-05-06,80500-PE,80500-PE-02-May-2025 10:22:02,218.18,465300.0
81052,02-May-2025 10:22:02,2025-05-06,80600-CE,80600-CE-02-May-2025 10:22:02,3.22,75100.0
81052,02-May-2025 10:22:02,2025-05-06,80600-PE,80600-PE-02-May-2025 10:22:02,1393.82,261120.0
81052,02-May-2025 10:22:02,2025-05-06,80700-CE,80700-CE-02-May-2025 10:22:02,190.55,112560.0
81052,02-May-2025 10:22:02,2025-05-06,80700-PE,80700-PE-02-May-2025 10:22:02,2526.74,339900.0
81052,02-May-2025 10:22:02,2025-05-06,80800-CE,80800-CE-02-May-2025 10:22:02,71.35,84680.0
81052,02-May-2025 10:22:02,2025-05-06,80800-PE,80800-PE-02-May-2025 10:22:02,1794.29,245500.0
81052,02-May-2025 10:22:02,2025-05-06,80900-CE,80900-CE-02-May-2025 10:22:02,240.03,103640.0
81052,02-May-2025 10:22:02,2025-05-06,80900-PE,80900-PE-02-May-2025 10:22:02,2407.03,192540.0
81052,02-May-2025 10:22:02,2025-05-06,81000-CE,81000-CE-02-May-2025 10:22:02,98.24,411000.0
81052,02-May-2025 10:22:02,2025-05-06,81000-PE,81000-PE-02-May-2025 10:22:02,1696.04,570780.0
81052,02-May-2025 10:22:02,2025-05-06,81100-CE,81100-CE-02-May-2025 10:22:02,295.58,187740.0
81052,02-May-2025 10:22:02,2025-05-06,81100-PE,81100-PE-02-May-2025 10:22:02,5050.22,229700.0
81052,02-May-2025 10:22:02,2025-05-06,81200-CE,81200-CE-02-May-2025 10:22:02,377.25,264780.0
81052,02-May-2025 10:22:02,2025-05-06,81200-PE,81200-PE-02-May-2025 10:22:02,3544.14,161800.0
81052,02-May-2025 10:22:02,2025-05-06,81300-CE,81300-CE-02-May-2025 10:22:02,247.61,209120.0
81052,02-May-2025 10:22:02,2025-05-06,81300-PE,81300-PE-02-May-2025 10:22:02,1506.99,45960.0
81052,02-May-2025 10:22:02,2025-05-06,81400-CE,81400-CE-02-May-2025 10:22:02,125.96,148680.0
81052,02-May-2025 10:22:02,2025-05-06,81400-PE,81400-PE-02-May-2025 10:22:02,1130.69,24860.0
81052,02-May-2025 10:22:02,2025-05-06,81500-CE,81500-CE-02-May-2025 10:22:02,57.3,374440.0
81052,02-May-2025 10:22:02,2025-05-06,81500-PE,81500-PE-02-May-2025 10:22:02,1053.89,77080.0
81052,02-May-2025 10:22:02,2025-05-06,81600-CE,81600-CE-02-May-2025 10:22:02,230.43,149420.0
81052,02-May-2025 10:22:02,2025-05-06,81600-PE,81600-PE-02-May-2025 10:22:02,2004.76,8840.0
